year,oda_gni_ratio,indicator,name_short
2018,0.00257819251964754,Using latest official data,Austria
2019,0.0027581939360101166,Using latest official data,Austria
2020,0.0029641077936609457,Using latest official data,Austria
2021,0.003082662270345307,Using latest official data,Austria
2022,0.003939452307653852,Using latest official data,Austria
2023,0.003815292029408705,Using latest official data,Austria
2024,0.004270250310921747,Using latest official data,Austria
2025,0.004725208592434789,Using latest official data,Austria
2026,0.005180166873947832,Using latest official data,Austria
2027,0.005635125155460874,Using latest official data,Austria
2028,0.006090083436973916,Using latest official data,Austria
2029,0.006545041718486958,Using latest official data,Austria
2030,0.007,Using latest official data,Austria
2031,0.007,Using latest official data,Austria
2032,0.007,Using latest official data,Austria
2033,0.007,Using latest official data,Austria
2034,0.007,Using latest official data,Austria
2018,0.004302415719348464,Using latest official data,Belgium
2019,0.004091814001098894,Using latest official data,Belgium
2020,0.0047831055579952726,Using latest official data,Belgium
2021,0.004325008485864056,Using latest official data,Belgium
2022,0.004532850922180318,Using latest official data,Belgium
2023,0.004387375468932449,Using latest official data,Belgium
2024,0.004760607544799242,Using latest official data,Belgium
2025,0.005133839620666035,Using latest official data,Belgium
2026,0.0055070716965328285,Using latest official data,Belgium
2027,0.005880303772399622,Using latest official data,Belgium
2028,0.006253535848266415,Using latest official data,Belgium
2029,0.006626767924133207,Using latest official data,Belgium
2030,0.007,Using latest official data,Belgium
2031,0.007,Using latest official data,Belgium
2032,0.007,Using latest official data,Belgium
2033,0.007,Using latest official data,Belgium
2034,0.007,Using latest official data,Belgium
2018,0.007184806571350075,Using latest official data,Denmark
2019,0.0071687186839308375,Using latest official data,Denmark
2020,0.007196068397849326,Using latest official data,Denmark
2021,0.007107752036543724,Using latest official data,Denmark
2022,0.006702084945820434,Using latest official data,Denmark
2023,0.007419377688323991,Using latest official data,Denmark
2024,0.007419377688323991,Using latest official data,Denmark
2025,0.007419377688323991,Using latest official data,Denmark
2026,0.007419377688323991,Using latest official data,Denmark
2027,0.007419377688323991,Using latest official data,Denmark
2028,0.007419377688323991,Using latest official data,Denmark
2029,0.007419377688323991,Using latest official data,Denmark
2030,0.007419377688323991,Using latest official data,Denmark
2031,0.007419377688323991,Using latest official data,Denmark
2032,0.007419377688323991,Using latest official data,Denmark
2033,0.007419377688323991,Using latest official data,Denmark
2034,0.007419377688323991,Using latest official data,Denmark
2018,0.004274898167899276,Using latest official data,France
2019,0.004410622075757718,Using latest official data,France
2020,0.0052985988950282874,Using latest official data,France
2021,0.005096459783959896,Using latest official data,France
2022,0.005595549704605041,Using latest official data,France
2023,0.004987551280294829,Using latest official data,France
2024,0.005275043954538425,Using latest official data,France
2025,0.00556253662878202,Using latest official data,France
2026,0.005850029303025616,Using latest official data,France
2027,0.0061375219772692126,Using latest official data,France
2028,0.006425014651512809,Using latest official data,France
2029,0.006712507325756404,Using latest official data,France
2030,0.007,Using latest official data,France
2031,0.007,Using latest official data,France
2032,0.007,Using latest official data,France
2033,0.007,Using latest official data,France
2034,0.007,Using latest official data,France
2018,0.00611911817593526,Using latest official data,Germany
2019,0.006115100893124869,Using latest official data,Germany
2020,0.007341879910940078,Using latest official data,Germany
2021,0.007649948334944067,Using latest official data,Germany
2022,0.008470815801053862,Using latest official data,Germany
2023,0.007914738588092508,Using latest official data,Germany
2024,0.007914738588092508,Using latest official data,Germany
2025,0.007914738588092508,Using latest official data,Germany
2026,0.007914738588092508,Using latest official data,Germany
2027,0.007914738588092508,Using latest official data,Germany
2028,0.007914738588092508,Using latest official data,Germany
2029,0.007914738588092508,Using latest official data,Germany
2030,0.007914738588092508,Using latest official data,Germany
2031,0.007914738588092508,Using latest official data,Germany
2032,0.007914738588092508,Using latest official data,Germany
2033,0.007914738588092508,Using latest official data,Germany
2034,0.007914738588092508,Using latest official data,Germany
2018,0.00248624023201683,Using latest official data,Italy
2019,0.0021856411719061407,Using latest official data,Italy
2020,0.0022341054408075278,Using latest official data,Italy
2021,0.002863821688537953,Using latest official data,Italy
2022,0.003271788314570381,Using latest official data,Italy
2023,0.0026711270689631647,Using latest official data,Italy
2024,0.0032895374876827127,Using latest official data,Italy
2025,0.003907947906402261,Using latest official data,Italy
2026,0.004526358325121808,Using latest official data,Italy
2027,0.005144768743841356,Using latest official data,Italy
2028,0.005763179162560904,Using latest official data,Italy
2029,0.006381589581280452,Using latest official data,Italy
2030,0.007,Using latest official data,Italy
2031,0.007,Using latest official data,Italy
2032,0.007,Using latest official data,Italy
2033,0.007,Using latest official data,Italy
2034,0.007,Using latest official data,Italy
2018,0.0061929543963478995,Using latest official data,Netherlands
2019,0.005868161050282843,Using latest official data,Netherlands
2020,0.005923488627448761,Using latest official data,Netherlands
2021,0.005236586079905669,Using latest official data,Netherlands
2022,0.006680738019393032,Using latest official data,Netherlands
2023,0.006637818946826637,Using latest official data,Netherlands
2024,0.006689559097279975,Using latest official data,Netherlands
2025,0.006741299247733312,Using latest official data,Netherlands
2026,0.00679303939818665,Using latest official data,Netherlands
2027,0.006844779548639987,Using latest official data,Netherlands
2028,0.006896519699093325,Using latest official data,Netherlands
2029,0.006948259849546662,Using latest official data,Netherlands
2030,0.007,Using latest official data,Netherlands
2031,0.007,Using latest official data,Netherlands
2032,0.007,Using latest official data,Netherlands
2033,0.007,Using latest official data,Netherlands
2034,0.007,Using latest official data,Netherlands
2018,0.0017743048673473914,Using latest official data,Portugal
2019,0.0017190391405868045,Using latest official data,Portugal
2020,0.0018402588972768008,Using latest official data,Portugal
2021,0.0018316473655372123,Using latest official data,Portugal
2022,0.002107333010941281,Using latest official data,Portugal
2023,0.00186578339899026,Using latest official data,Portugal
2024,0.002599242913420223,Using latest official data,Portugal
2025,0.0033327024278501857,Using latest official data,Portugal
2026,0.004066161942280148,Using latest official data,Portugal
2027,0.004799621456710111,Using latest official data,Portugal
2028,0.005533080971140074,Using latest official data,Portugal
2029,0.0062665404855700374,Using latest official data,Portugal
2030,0.007,Using latest official data,Portugal
2031,0.007,Using latest official data,Portugal
2032,0.007,Using latest official data,Portugal
2033,0.007,Using latest official data,Portugal
2034,0.007,Using latest official data,Portugal
2018,0.010718662508451094,Using latest official data,Sweden
2019,0.009561975183363778,Using latest official data,Sweden
2020,0.011389104945214302,Using latest official data,Sweden
2021,0.009067619198836297,Using latest official data,Sweden
2022,0.008912181011604074,Using latest official data,Sweden
2023,0.009082824509663667,Using latest official data,Sweden
2024,0.009082824509663667,Using latest official data,Sweden
2025,0.009082824509663667,Using latest official data,Sweden
2026,0.009082824509663667,Using latest official data,Sweden
2027,0.009082824509663667,Using latest official data,Sweden
2028,0.009082824509663667,Using latest official data,Sweden
2029,0.009082824509663667,Using latest official data,Sweden
2030,0.009082824509663667,Using latest official data,Sweden
2031,0.009082824509663667,Using latest official data,Sweden
2032,0.009082824509663667,Using latest official data,Sweden
2033,0.009082824509663667,Using latest official data,Sweden
2034,0.009082824509663667,Using latest official data,Sweden
2018,0.003589620437401817,Using latest official data,Finland
2019,0.004168765298259328,Using latest official data,Finland
2020,0.0046764266344663,Using latest official data,Finland
2021,0.0047380057579186835,Using latest official data,Finland
2022,0.0057356257186306405,Using latest official data,Finland
2023,0.005240703587632452,Using latest official data,Finland
2024,0.005492031646542102,Using latest official data,Finland
2025,0.005743359705451751,Using latest official data,Finland
2026,0.005994687764361401,Using latest official data,Finland
2027,0.006246015823271051,Using latest official data,Finland
2028,0.006497343882180701,Using latest official data,Finland
2029,0.00674867194109035,Using latest official data,Finland
2030,0.007,Using latest official data,Finland
2031,0.007,Using latest official data,Finland
2032,0.007,Using latest official data,Finland
2033,0.007,Using latest official data,Finland
2034,0.007,Using latest official data,Finland
2018,0.0031434108657544015,Using latest official data,Ireland
2019,0.0031566450913941826,Using latest official data,Ireland
2020,0.0030549129407490268,Using latest official data,Ireland
2021,0.003018956250294736,Using latest official data,Ireland
2022,0.006303633637854349,Using latest official data,Ireland
2023,0.006685193588027367,Using latest official data,Ireland
2024,0.0067301659325948865,Using latest official data,Ireland
2025,0.006775138277162405,Using latest official data,Ireland
2026,0.006820110621729924,Using latest official data,Ireland
2027,0.006865082966297443,Using latest official data,Ireland
2028,0.006910055310864962,Using latest official data,Ireland
2029,0.006955027655432481,Using latest official data,Ireland
2030,0.007,Using latest official data,Ireland
2031,0.007,Using latest official data,Ireland
2032,0.007,Using latest official data,Ireland
2033,0.007,Using latest official data,Ireland
2034,0.007,Using latest official data,Ireland
2018,0.009838159614038873,Using latest official data,Luxembourg
2019,0.010340086830680174,Using latest official data,Luxembourg
2020,0.010304473336030528,Using latest official data,Luxembourg
2021,0.00987852076949056,Using latest official data,Luxembourg
2022,0.009956615885020732,Using latest official data,Luxembourg
2023,0.009857905051154588,Using latest official data,Luxembourg
2024,0.009857905051154588,Using latest official data,Luxembourg
2025,0.009857905051154588,Using latest official data,Luxembourg
2026,0.009857905051154588,Using latest official data,Luxembourg
2027,0.009857905051154588,Using latest official data,Luxembourg
2028,0.009857905051154588,Using latest official data,Luxembourg
2029,0.009857905051154588,Using latest official data,Luxembourg
2030,0.009857905051154588,Using latest official data,Luxembourg
2031,0.009857905051154588,Using latest official data,Luxembourg
2032,0.009857905051154588,Using latest official data,Luxembourg
2033,0.009857905051154588,Using latest official data,Luxembourg
2034,0.009857905051154588,Using latest official data,Luxembourg
2018,0.0011967511557025912,Using latest official data,Cyprus
2019,0.0009424923897397172,Using latest official data,Cyprus
2020,0.0005735277681416347,Using latest official data,Cyprus
2021,0.0007378345691912033,Using latest official data,Cyprus
2022,0.0005243976885192478,Using latest official data,Cyprus
2023,0.0006589447344959036,Using latest official data,Cyprus
2024,0.0010362383438536316,Using latest official data,Cyprus
2025,0.0014135319532113597,Using latest official data,Cyprus
2026,0.001790825562569088,Using latest official data,Cyprus
2027,0.002168119171926816,Using latest official data,Cyprus
2028,0.002545412781284544,Using latest official data,Cyprus
2029,0.002922706390642272,Using latest official data,Cyprus
2030,0.0033,Using latest official data,Cyprus
2031,0.0033,Using latest official data,Cyprus
2032,0.0033,Using latest official data,Cyprus
2033,0.0033,Using latest official data,Cyprus
2034,0.0033,Using latest official data,Cyprus
2018,0.001332274816129883,Using latest official data,Greece
2019,0.0017515538050284463,Using latest official data,Greece
2020,0.0017313976824353912,Using latest official data,Greece
2021,0.0015721514665657096,Using latest official data,Greece
2022,0.0016527248386009469,Using latest official data,Greece
2023,0.0013585433021426445,Using latest official data,Greece
2024,0.0021644656875508383,Using latest official data,Greece
2025,0.002970388072959032,Using latest official data,Greece
2026,0.0037763104583672254,Using latest official data,Greece
2027,0.00458223284377542,Using latest official data,Greece
2028,0.005388155229183613,Using latest official data,Greece
2029,0.006194077614591806,Using latest official data,Greece
2030,0.007,Using latest official data,Greece
2031,0.007,Using latest official data,Greece
2032,0.007,Using latest official data,Greece
2033,0.007,Using latest official data,Greece
2034,0.007,Using latest official data,Greece
2018,0.002475796514036405,Using latest official data,Malta
2019,0.003036949927723406,Using latest official data,Malta
2020,0.004015294210532252,Using latest official data,Malta
2021,0.003175925982249853,Using latest official data,Malta
2022,0.0027527489425972673,Using latest official data,Malta
2023,0.002620427283666754,Using latest official data,Malta
2024,0.002717509100285789,Using latest official data,Malta
2025,0.0028145909169048243,Using latest official data,Malta
2026,0.0029116727335238594,Using latest official data,Malta
2027,0.0030087545501428946,Using latest official data,Malta
2028,0.0031058363667619297,Using latest official data,Malta
2029,0.003202918183380965,Using latest official data,Malta
2030,0.0033,Using latest official data,Malta
2031,0.0033,Using latest official data,Malta
2032,0.0033,Using latest official data,Malta
2033,0.0033,Using latest official data,Malta
2034,0.0033,Using latest official data,Malta
2018,0.002027472160084819,Using latest official data,Spain
2019,0.002088951923248748,Using latest official data,Spain
2020,0.0023261445552623804,Using latest official data,Spain
2021,0.0025697947584329777,Using latest official data,Spain
2022,0.0030271624663545165,Using latest official data,Spain
2023,0.0024393683708789555,Using latest official data,Spain
2024,0.003090887175039105,Using latest official data,Spain
2025,0.0037424059791992537,Using latest official data,Spain
2026,0.004393924783359403,Using latest official data,Spain
2027,0.005045443587519552,Using latest official data,Spain
2028,0.0056969623916797016,Using latest official data,Spain
2029,0.006348481195839851,Using latest official data,Spain
2030,0.007,Using latest official data,Spain
2031,0.007,Using latest official data,Spain
2032,0.007,Using latest official data,Spain
2033,0.007,Using latest official data,Spain
2034,0.007,Using latest official data,Spain
2018,0.0015604982233005501,Using latest official data,Slovenia
2019,0.0016537892016273254,Using latest official data,Slovenia
2020,0.0017432283944295852,Using latest official data,Slovenia
2021,0.0019088292924385947,Using latest official data,Slovenia
2022,0.0028679261448245758,Using latest official data,Slovenia
2023,0.002415906280689075,Using latest official data,Slovenia
2024,0.002542205383447779,Using latest official data,Slovenia
2025,0.002668504486206482,Using latest official data,Slovenia
2026,0.002794803588965186,Using latest official data,Slovenia
2027,0.002921102691723889,Using latest official data,Slovenia
2028,0.003047401794482593,Using latest official data,Slovenia
2029,0.0031737008972412967,Using latest official data,Slovenia
2030,0.0033,Using latest official data,Slovenia
2031,0.0033,Using latest official data,Slovenia
2032,0.0033,Using latest official data,Slovenia
2033,0.0033,Using latest official data,Slovenia
2034,0.0033,Using latest official data,Slovenia
2018,0.0013396624132229382,Using latest official data,Croatia
2019,0.0011920859784154026,Using latest official data,Croatia
2020,0.0013104011710040337,Using latest official data,Croatia
2021,0.0012681896791004738,Using latest official data,Croatia
2022,0.001948904083378465,Using latest official data,Croatia
2023,0.002027926007525143,Using latest official data,Croatia
2024,0.0022096508635929797,Using latest official data,Croatia
2025,0.0023913757196608165,Using latest official data,Croatia
2026,0.002573100575728653,Using latest official data,Croatia
2027,0.00275482543179649,Using latest official data,Croatia
2028,0.0029365502878643266,Using latest official data,Croatia
2029,0.0031182751439321633,Using latest official data,Croatia
2030,0.0033,Using latest official data,Croatia
2031,0.0033,Using latest official data,Croatia
2032,0.0033,Using latest official data,Croatia
2033,0.0033,Using latest official data,Croatia
2034,0.0033,Using latest official data,Croatia
2018,0.001318119135160867,Using latest official data,Czechia
2019,0.0013132609969468804,Using latest official data,Czechia
2020,0.001263425639625596,Using latest official data,Czechia
2021,0.00134909417488765,Using latest official data,Czechia
2022,0.003795230686818846,Using latest official data,Czechia
2023,0.0024234237276687717,Using latest official data,Czechia
2024,0.0025486489094303758,Using latest official data,Czechia
2025,0.00267387409119198,Using latest official data,Czechia
2026,0.002799099272953584,Using latest official data,Czechia
2027,0.002924324454715188,Using latest official data,Czechia
2028,0.0030495496364767918,Using latest official data,Czechia
2029,0.003174774818238396,Using latest official data,Czechia
2030,0.0033,Using latest official data,Czechia
2031,0.0033,Using latest official data,Czechia
2032,0.0033,Using latest official data,Czechia
2033,0.0033,Using latest official data,Czechia
2034,0.0033,Using latest official data,Czechia
2018,0.0013139772107852593,Using latest official data,Slovakia
2019,0.001114514244785913,Using latest official data,Slovakia
2020,0.001376974854508271,Using latest official data,Slovakia
2021,0.001370057001888593,Using latest official data,Slovakia
2022,0.0015387650989311006,Using latest official data,Slovakia
2023,0.0013505714974165505,Using latest official data,Slovakia
2024,0.0016290612834999004,Using latest official data,Slovakia
2025,0.0019075510695832504,Using latest official data,Slovakia
2026,0.0021860408556666003,Using latest official data,Slovakia
2027,0.0024645306417499504,Using latest official data,Slovakia
2028,0.0027430204278333,Using latest official data,Slovakia
2029,0.00302151021391665,Using latest official data,Slovakia
2030,0.0033,Using latest official data,Slovakia
2031,0.0033,Using latest official data,Slovakia
2032,0.0033,Using latest official data,Slovakia
2033,0.0033,Using latest official data,Slovakia
2034,0.0033,Using latest official data,Slovakia
2018,0.0011044468091967368,Using latest official data,Bulgaria
2019,0.0009538187758912421,Using latest official data,Bulgaria
2020,0.0012890225563909775,Using latest official data,Bulgaria
2021,0.0012079470198675497,Using latest official data,Bulgaria
2022,0.002702906976744186,Using latest official data,Bulgaria
2023,0.001865054945054945,Using latest official data,Bulgaria
2024,0.0020700470957613812,Using latest official data,Bulgaria
2025,0.002275039246467818,Using latest official data,Bulgaria
2026,0.002480031397174254,Using latest official data,Bulgaria
2027,0.002685023547880691,Using latest official data,Bulgaria
2028,0.002890015698587127,Using latest official data,Bulgaria
2029,0.0030950078492935637,Using latest official data,Bulgaria
2030,0.0033,Using latest official data,Bulgaria
2031,0.0033,Using latest official data,Bulgaria
2032,0.0033,Using latest official data,Bulgaria
2033,0.0033,Using latest official data,Bulgaria
2034,0.0033,Using latest official data,Bulgaria
2018,0.0020909619063197112,Using latest official data,Hungary
2019,0.0021258535840994928,Using latest official data,Hungary
2020,0.002708228788689782,Using latest official data,Hungary
2021,0.002806508084918512,Using latest official data,Hungary
2022,0.0025908125939115485,Using latest official data,Hungary
2023,0.001484841265570305,Using latest official data,Hungary
2024,0.0017441496562031187,Using latest official data,Hungary
2025,0.0020034580468359323,Using latest official data,Hungary
2026,0.0022627664374687455,Using latest official data,Hungary
2027,0.0025220748281015596,Using latest official data,Hungary
2028,0.0027813832187343727,Using latest official data,Hungary
2029,0.0030406916093671864,Using latest official data,Hungary
2030,0.0033,Using latest official data,Hungary
2031,0.0033,Using latest official data,Hungary
2032,0.0033,Using latest official data,Hungary
2033,0.0033,Using latest official data,Hungary
2034,0.0033,Using latest official data,Hungary
2018,0.0013598082578760518,Using latest official data,Poland
2019,0.0013865175982892715,Using latest official data,Poland
2020,0.0014363201216939438,Using latest official data,Poland
2021,0.0015185356740315282,Using latest official data,Poland
2022,0.005301971223897433,Using latest official data,Poland
2023,0.0033649655577683416,Using latest official data,Poland
2024,0.0033649655577683416,Using latest official data,Poland
2025,0.0033649655577683416,Using latest official data,Poland
2026,0.0033649655577683416,Using latest official data,Poland
2027,0.0033649655577683416,Using latest official data,Poland
2028,0.0033649655577683416,Using latest official data,Poland
2029,0.0033649655577683416,Using latest official data,Poland
2030,0.0033649655577683416,Using latest official data,Poland
2031,0.0033649655577683416,Using latest official data,Poland
2032,0.0033649655577683416,Using latest official data,Poland
2033,0.0033649655577683416,Using latest official data,Poland
2034,0.0033649655577683416,Using latest official data,Poland
2018,0.0010640608963393774,Using latest official data,Romania
2019,0.0010307919434778025,Using latest official data,Romania
2020,0.0012626249723421406,Using latest official data,Romania
2021,0.0014963594599263382,Using latest official data,Romania
2022,0.0014153530725205406,Using latest official data,Romania
2023,0.0016160796014483049,Using latest official data,Romania
2024,0.0018566396583842614,Using latest official data,Romania
2025,0.0020971997153202177,Using latest official data,Romania
2026,0.002337759772256174,Using latest official data,Romania
2027,0.0025783198291921307,Using latest official data,Romania
2028,0.0028188798861280874,Using latest official data,Romania
2029,0.0030594399430640433,Using latest official data,Romania
2030,0.0033,Using latest official data,Romania
2031,0.0033,Using latest official data,Romania
2032,0.0033,Using latest official data,Romania
2033,0.0033,Using latest official data,Romania
2034,0.0033,Using latest official data,Romania
2018,0.0016171832687200737,Using latest official data,Estonia
2019,0.0015764788958600607,Using latest official data,Estonia
2020,0.0016574543453154924,Using latest official data,Estonia
2021,0.0016482250452488814,Using latest official data,Estonia
2022,0.005388192261898377,Using latest official data,Estonia
2023,0.0027560862415125557,Using latest official data,Estonia
2024,0.002833788207010762,Using latest official data,Estonia
2025,0.002911490172508968,Using latest official data,Estonia
2026,0.0029891921380071746,Using latest official data,Estonia
2027,0.003066894103505381,Using latest official data,Estonia
2028,0.0031445960690035875,Using latest official data,Estonia
2029,0.0032222980345017935,Using latest official data,Estonia
2030,0.0033,Using latest official data,Estonia
2031,0.0033,Using latest official data,Estonia
2032,0.0033,Using latest official data,Estonia
2033,0.0033,Using latest official data,Estonia
2034,0.0033,Using latest official data,Estonia
2018,0.001017961610248466,Using latest official data,Latvia
2019,0.0010220049321553507,Using latest official data,Latvia
2020,0.0012252739446491094,Using latest official data,Latvia
2021,0.0012195246875640238,Using latest official data,Latvia
2022,0.0020728083209509657,Using latest official data,Latvia
2023,0.0033405915084046473,Using latest official data,Latvia
2024,0.0033405915084046473,Using latest official data,Latvia
2025,0.0033405915084046473,Using latest official data,Latvia
2026,0.0033405915084046473,Using latest official data,Latvia
2027,0.0033405915084046473,Using latest official data,Latvia
2028,0.0033405915084046473,Using latest official data,Latvia
2029,0.0033405915084046473,Using latest official data,Latvia
2030,0.0033405915084046473,Using latest official data,Latvia
2031,0.0033405915084046473,Using latest official data,Latvia
2032,0.0033405915084046473,Using latest official data,Latvia
2033,0.0033405915084046473,Using latest official data,Latvia
2034,0.0033405915084046473,Using latest official data,Latvia
2018,0.0012142763889081126,Using latest official data,Lithuania
2019,0.001281643352007788,Using latest official data,Lithuania
2020,0.0013291974781052458,Using latest official data,Lithuania
2021,0.0013702204264194485,Using latest official data,Lithuania
2022,0.0035812633647769807,Using latest official data,Lithuania
2023,0.0028176311651937867,Using latest official data,Lithuania
2024,0.0028865409987375314,Using latest official data,Lithuania
2025,0.002955450832281276,Using latest official data,Lithuania
2026,0.0030243606658250212,Using latest official data,Lithuania
2027,0.003093270499368766,Using latest official data,Lithuania
2028,0.0031621803329125106,Using latest official data,Lithuania
2029,0.0032310901664562553,Using latest official data,Lithuania
2030,0.0033,Using latest official data,Lithuania
2031,0.0033,Using latest official data,Lithuania
2032,0.0033,Using latest official data,Lithuania
2033,0.0033,Using latest official data,Lithuania
2034,0.0033,Using latest official data,Lithuania
2018,0.002519878545428406,Excluding Ukraine,Austria
2019,0.002703585338145409,Excluding Ukraine,Austria
2020,0.002858658323324557,Excluding Ukraine,Austria
2021,0.002994939283145991,Excluding Ukraine,Austria
2022,0.0034667760435247775,Excluding Ukraine,Austria
2023,0.003370365717252132,Excluding Ukraine,Austria
2024,0.003888884900501827,Excluding Ukraine,Austria
2025,0.004407404083751523,Excluding Ukraine,Austria
2026,0.0049259232670012185,Excluding Ukraine,Austria
2027,0.005444442450250914,Excluding Ukraine,Austria
2028,0.005962961633500609,Excluding Ukraine,Austria
2029,0.006481480816750304,Excluding Ukraine,Austria
2030,0.007,Excluding Ukraine,Austria
2031,0.007,Excluding Ukraine,Austria
2032,0.007,Excluding Ukraine,Austria
2033,0.007,Excluding Ukraine,Austria
2034,0.007,Excluding Ukraine,Austria
2018,0.0042723381372406204,Excluding Ukraine,Belgium
2019,0.004056024717561964,Excluding Ukraine,Belgium
2020,0.0046803646514380045,Excluding Ukraine,Belgium
2021,0.00425825263611608,Excluding Ukraine,Belgium
2022,0.003949345736898012,Excluding Ukraine,Belgium
2023,0.0038413934029551716,Excluding Ukraine,Belgium
2024,0.0042926229168187184,Excluding Ukraine,Belgium
2025,0.004743852430682266,Excluding Ukraine,Belgium
2026,0.005195081944545812,Excluding Ukraine,Belgium
2027,0.005646311458409359,Excluding Ukraine,Belgium
2028,0.0060975409722729065,Excluding Ukraine,Belgium
2029,0.006548770486136453,Excluding Ukraine,Belgium
2030,0.007,Excluding Ukraine,Belgium
2031,0.007,Excluding Ukraine,Belgium
2032,0.007,Excluding Ukraine,Belgium
2033,0.007,Excluding Ukraine,Belgium
2034,0.007,Excluding Ukraine,Belgium
2018,0.007113486677854449,Excluding Ukraine,Denmark
2019,0.007074477288006057,Excluding Ukraine,Denmark
2020,0.0070809167568705944,Excluding Ukraine,Denmark
2021,0.006974429977631628,Excluding Ukraine,Denmark
2022,0.006011053599071208,Excluding Ukraine,Denmark
2023,0.006712331846795455,Excluding Ukraine,Denmark
2024,0.006753427297253247,Excluding Ukraine,Denmark
2025,0.00679452274771104,Excluding Ukraine,Denmark
2026,0.006835618198168832,Excluding Ukraine,Denmark
2027,0.006876713648626623,Excluding Ukraine,Denmark
2028,0.006917809099084416,Excluding Ukraine,Denmark
2029,0.006958904549542208,Excluding Ukraine,Denmark
2030,0.007,Excluding Ukraine,Denmark
2031,0.007,Excluding Ukraine,Denmark
2032,0.007,Excluding Ukraine,Denmark
2033,0.007,Excluding Ukraine,Denmark
2034,0.007,Excluding Ukraine,Denmark
2018,0.004248821513454786,Excluding Ukraine,France
2019,0.004380603568341982,Excluding Ukraine,France
2020,0.005216681754083182,Excluding Ukraine,France
2021,0.005033943957381587,Excluding Ukraine,France
2022,0.005035659648482071,Excluding Ukraine,France
2023,0.004454861700204953,Excluding Ukraine,France
2024,0.0048184528858899595,Excluding Ukraine,France
2025,0.005182044071574967,Excluding Ukraine,France
2026,0.005545635257259973,Excluding Ukraine,France
2027,0.00590922644294498,Excluding Ukraine,France
2028,0.006272817628629987,Excluding Ukraine,France
2029,0.006636408814314994,Excluding Ukraine,France
2030,0.007,Excluding Ukraine,France
2031,0.007,Excluding Ukraine,France
2032,0.007,Excluding Ukraine,France
2033,0.007,Excluding Ukraine,France
2034,0.007,Excluding Ukraine,France
2018,0.006044588657941597,Excluding Ukraine,Germany
2019,0.006041015216476738,Excluding Ukraine,Germany
2020,0.00722854165955644,Excluding Ukraine,Germany
2021,0.007549896865319123,Excluding Ukraine,Germany
2022,0.007643267927329032,Excluding Ukraine,Germany
2023,0.007142284127583694,Excluding Ukraine,Germany
2024,0.007142284127583694,Excluding Ukraine,Germany
2025,0.007142284127583694,Excluding Ukraine,Germany
2026,0.007142284127583694,Excluding Ukraine,Germany
2027,0.007142284127583694,Excluding Ukraine,Germany
2028,0.007142284127583694,Excluding Ukraine,Germany
2029,0.007142284127583694,Excluding Ukraine,Germany
2030,0.007142284127583694,Excluding Ukraine,Germany
2031,0.007142284127583694,Excluding Ukraine,Germany
2032,0.007142284127583694,Excluding Ukraine,Germany
2033,0.007142284127583694,Excluding Ukraine,Germany
2034,0.007142284127583694,Excluding Ukraine,Germany
2018,0.0024617926669799357,Excluding Ukraine,Italy
2019,0.0021612843180750046,Excluding Ukraine,Italy
2020,0.002159783906022662,Excluding Ukraine,Italy
2021,0.002809003147228088,Excluding Ukraine,Italy
2022,0.002698069167943839,Excluding Ukraine,Italy
2023,0.002138886632045872,Excluding Ukraine,Italy
2024,0.0028333313988964616,Excluding Ukraine,Italy
2025,0.0035277761657470513,Excluding Ukraine,Italy
2026,0.004222220932597641,Excluding Ukraine,Italy
2027,0.004916665699448231,Excluding Ukraine,Italy
2028,0.005611110466298821,Excluding Ukraine,Italy
2029,0.00630555523314941,Excluding Ukraine,Italy
2030,0.007,Excluding Ukraine,Italy
2031,0.007,Excluding Ukraine,Italy
2032,0.007,Excluding Ukraine,Italy
2033,0.007,Excluding Ukraine,Italy
2034,0.007,Excluding Ukraine,Italy
2018,0.006170366791405548,Excluding Ukraine,Netherlands
2019,0.005846626717781617,Excluding Ukraine,Netherlands
2020,0.00587164784986451,Excluding Ukraine,Netherlands
2021,0.00520207191549562,Excluding Ukraine,Netherlands
2022,0.0061135326268662174,Excluding Ukraine,Netherlands
2023,0.006128523132252594,Excluding Ukraine,Netherlands
2024,0.00625301982764508,Excluding Ukraine,Netherlands
2025,0.006377516523037567,Excluding Ukraine,Netherlands
2026,0.006502013218430054,Excluding Ukraine,Netherlands
2027,0.00662650991382254,Excluding Ukraine,Netherlands
2028,0.006751006609215027,Excluding Ukraine,Netherlands
2029,0.0068755033046075135,Excluding Ukraine,Netherlands
2030,0.007,Excluding Ukraine,Netherlands
2031,0.007,Excluding Ukraine,Netherlands
2032,0.007,Excluding Ukraine,Netherlands
2033,0.007,Excluding Ukraine,Netherlands
2034,0.007,Excluding Ukraine,Netherlands
2018,0.001757227242296482,Excluding Ukraine,Portugal
2019,0.0016983086517669038,Excluding Ukraine,Portugal
2020,0.0017686519322673861,Excluding Ukraine,Portugal
2021,0.001778406907402671,Excluding Ukraine,Portugal
2022,0.0016004846523269393,Excluding Ukraine,Portugal
2023,0.0014075576010079138,Excluding Ukraine,Portugal
2024,0.0022064779437210693,Excluding Ukraine,Portugal
2025,0.0030053982864342243,Excluding Ukraine,Portugal
2026,0.0038043186291473793,Excluding Ukraine,Portugal
2027,0.004603238971860535,Excluding Ukraine,Portugal
2028,0.00540215931457369,Excluding Ukraine,Portugal
2029,0.006201079657286845,Excluding Ukraine,Portugal
2030,0.007,Excluding Ukraine,Portugal
2031,0.007,Excluding Ukraine,Portugal
2032,0.007,Excluding Ukraine,Portugal
2033,0.007,Excluding Ukraine,Portugal
2034,0.007,Excluding Ukraine,Portugal
2018,0.010631034766815541,Excluding Ukraine,Sweden
2019,0.009470235889756337,Excluding Ukraine,Sweden
2020,0.011266219390755665,Excluding Ukraine,Sweden
2021,0.008969458233219665,Excluding Ukraine,Sweden
2022,0.008264207352746505,Excluding Ukraine,Sweden
2023,0.008421752898279435,Excluding Ukraine,Sweden
2024,0.008421752898279435,Excluding Ukraine,Sweden
2025,0.008421752898279435,Excluding Ukraine,Sweden
2026,0.008421752898279435,Excluding Ukraine,Sweden
2027,0.008421752898279435,Excluding Ukraine,Sweden
2028,0.008421752898279435,Excluding Ukraine,Sweden
2029,0.008421752898279435,Excluding Ukraine,Sweden
2030,0.008421752898279435,Excluding Ukraine,Sweden
2031,0.008421752898279435,Excluding Ukraine,Sweden
2032,0.008421752898279435,Excluding Ukraine,Sweden
2033,0.008421752898279435,Excluding Ukraine,Sweden
2034,0.008421752898279435,Excluding Ukraine,Sweden
2018,0.00355113416137073,Excluding Ukraine,Finland
2019,0.004113465388044263,Excluding Ukraine,Finland
2020,0.0045794347866841565,Excluding Ukraine,Finland
2021,0.004652497973011823,Excluding Ukraine,Finland
2022,0.005155609050162885,Excluding Ukraine,Finland
2023,0.004680109341880534,Excluding Ukraine,Finland
2024,0.005011522293040458,Excluding Ukraine,Finland
2025,0.005342935244200381,Excluding Ukraine,Finland
2026,0.005674348195360305,Excluding Ukraine,Finland
2027,0.006005761146520229,Excluding Ukraine,Finland
2028,0.006337174097680153,Excluding Ukraine,Finland
2029,0.006668587048840076,Excluding Ukraine,Finland
2030,0.007,Excluding Ukraine,Finland
2031,0.007,Excluding Ukraine,Finland
2032,0.007,Excluding Ukraine,Finland
2033,0.007,Excluding Ukraine,Finland
2034,0.007,Excluding Ukraine,Finland
2018,0.003126453102025847,Excluding Ukraine,Ireland
2019,0.00313627963919164,Excluding Ukraine,Ireland
2020,0.0029994612870294815,Excluding Ukraine,Ireland
2021,0.002975170680073817,Excluding Ukraine,Ireland
2022,0.005816417102338697,Excluding Ukraine,Ireland
2023,0.0062303298634774065,Excluding Ukraine,Ireland
2024,0.006340282740123491,Excluding Ukraine,Ireland
2025,0.006450235616769576,Excluding Ukraine,Ireland
2026,0.0065601884934156605,Excluding Ukraine,Ireland
2027,0.006670141370061746,Excluding Ukraine,Ireland
2028,0.006780094246707831,Excluding Ukraine,Ireland
2029,0.0068900471233539155,Excluding Ukraine,Ireland
2030,0.007,Excluding Ukraine,Ireland
2031,0.007,Excluding Ukraine,Ireland
2032,0.007,Excluding Ukraine,Ireland
2033,0.007,Excluding Ukraine,Ireland
2034,0.007,Excluding Ukraine,Ireland
2018,0.009799294144885897,Excluding Ukraine,Luxembourg
2019,0.010292066833311407,Excluding Ukraine,Luxembourg
2020,0.010206289933991594,Excluding Ukraine,Luxembourg
2021,0.009800865490067083,Excluding Ukraine,Luxembourg
2022,0.00940743560795515,Excluding Ukraine,Luxembourg
2023,0.009346984176978441,Excluding Ukraine,Luxembourg
2024,0.009346984176978441,Excluding Ukraine,Luxembourg
2025,0.009346984176978441,Excluding Ukraine,Luxembourg
2026,0.009346984176978441,Excluding Ukraine,Luxembourg
2027,0.009346984176978441,Excluding Ukraine,Luxembourg
2028,0.009346984176978441,Excluding Ukraine,Luxembourg
2029,0.009346984176978441,Excluding Ukraine,Luxembourg
2030,0.009346984176978441,Excluding Ukraine,Luxembourg
2031,0.009346984176978441,Excluding Ukraine,Luxembourg
2032,0.009346984176978441,Excluding Ukraine,Luxembourg
2033,0.009346984176978441,Excluding Ukraine,Luxembourg
2034,0.009346984176978441,Excluding Ukraine,Luxembourg
2018,0.0011780818376736309,Excluding Ukraine,Cyprus
2019,0.0009354130778488331,Excluding Ukraine,Cyprus
2020,0.0005572849048496936,Excluding Ukraine,Cyprus
2021,0.0007273713894814014,Excluding Ukraine,Cyprus
2022,0.0003954976002398996,Excluding Ukraine,Cyprus
2023,0.0005318113564207573,Excluding Ukraine,Cyprus
2024,0.0009272668769320777,Excluding Ukraine,Cyprus
2025,0.0013227223974433982,Excluding Ukraine,Cyprus
2026,0.0017181779179547183,Excluding Ukraine,Cyprus
2027,0.002113633438466039,Excluding Ukraine,Cyprus
2028,0.0025090889589773594,Excluding Ukraine,Cyprus
2029,0.0029045444794886795,Excluding Ukraine,Cyprus
2030,0.0033,Excluding Ukraine,Cyprus
2031,0.0033,Excluding Ukraine,Cyprus
2032,0.0033,Excluding Ukraine,Cyprus
2033,0.0033,Excluding Ukraine,Cyprus
2034,0.0033,Excluding Ukraine,Cyprus
2018,0.0013114952922451963,Excluding Ukraine,Greece
2019,0.0017265955683983568,Excluding Ukraine,Greece
2020,0.0016504818083092308,Excluding Ukraine,Greece
2021,0.0015163408966802905,Excluding Ukraine,Greece
2022,0.0012556380251983223,Excluding Ukraine,Greece
2023,0.0009866819960535963,Excluding Ukraine,Greece
2024,0.0018457274251887968,Excluding Ukraine,Greece
2025,0.002704772854323997,Excluding Ukraine,Greece
2026,0.003563818283459198,Excluding Ukraine,Greece
2027,0.004422863712594398,Excluding Ukraine,Greece
2028,0.005281909141729599,Excluding Ukraine,Greece
2029,0.0061409545708647996,Excluding Ukraine,Greece
2030,0.007,Excluding Ukraine,Greece
2031,0.007,Excluding Ukraine,Greece
2032,0.007,Excluding Ukraine,Greece
2033,0.007,Excluding Ukraine,Greece
2034,0.007,Excluding Ukraine,Greece
2018,0.002460759790598589,Excluding Ukraine,Malta
2019,0.003024360766842817,Excluding Ukraine,Malta
2020,0.004003263366455751,Excluding Ukraine,Malta
2021,0.003168018102960589,Excluding Ukraine,Malta
2022,0.0026948924935825016,Excluding Ukraine,Malta
2023,0.0025692544982645485,Excluding Ukraine,Malta
2024,0.0026736467127981846,Excluding Ukraine,Malta
2025,0.0027780389273318203,Excluding Ukraine,Malta
2026,0.0028824311418654564,Excluding Ukraine,Malta
2027,0.002986823356399092,Excluding Ukraine,Malta
2028,0.003091215570932728,Excluding Ukraine,Malta
2029,0.0031956077854663643,Excluding Ukraine,Malta
2030,0.0033,Excluding Ukraine,Malta
2031,0.0033,Excluding Ukraine,Malta
2032,0.0033,Excluding Ukraine,Malta
2033,0.0033,Excluding Ukraine,Malta
2034,0.0033,Excluding Ukraine,Malta
2018,0.0019932822859947473,Excluding Ukraine,Spain
2019,0.0020525948629368635,Excluding Ukraine,Spain
2020,0.0022458948108934436,Excluding Ukraine,Spain
2021,0.002515010479610183,Excluding Ukraine,Spain
2022,0.0025766986464377498,Excluding Ukraine,Spain
2023,0.002022989711650166,Excluding Ukraine,Spain
2024,0.002733991181414428,Excluding Ukraine,Spain
2025,0.00344499265117869,Excluding Ukraine,Spain
2026,0.004155994120942952,Excluding Ukraine,Spain
2027,0.004866995590707215,Excluding Ukraine,Spain
2028,0.005577997060471476,Excluding Ukraine,Spain
2029,0.006288998530235739,Excluding Ukraine,Spain
2030,0.007,Excluding Ukraine,Spain
2031,0.007,Excluding Ukraine,Spain
2032,0.007,Excluding Ukraine,Spain
2033,0.007,Excluding Ukraine,Spain
2034,0.007,Excluding Ukraine,Spain
2018,0.0015221911779435137,Excluding Ukraine,Slovenia
2019,0.0015995048056769415,Excluding Ukraine,Slovenia
2020,0.0016779029613748005,Excluding Ukraine,Slovenia
2021,0.0018426223723204474,Excluding Ukraine,Slovenia
2022,0.002363731435231209,Excluding Ukraine,Slovenia
2023,0.0019636993665094605,Excluding Ukraine,Slovenia
2024,0.002154599457008109,Excluding Ukraine,Slovenia
2025,0.0023454995475067574,Excluding Ukraine,Slovenia
2026,0.0025363996380054063,Excluding Ukraine,Slovenia
2027,0.0027272997285040547,Excluding Ukraine,Slovenia
2028,0.002918199819002703,Excluding Ukraine,Slovenia
2029,0.0031090999095013516,Excluding Ukraine,Slovenia
2030,0.0033,Excluding Ukraine,Slovenia
2031,0.0033,Excluding Ukraine,Slovenia
2032,0.0033,Excluding Ukraine,Slovenia
2033,0.0033,Excluding Ukraine,Slovenia
2034,0.0033,Excluding Ukraine,Slovenia
2018,0.0013192847367637225,Excluding Ukraine,Croatia
2019,0.0011859650817735248,Excluding Ukraine,Croatia
2020,0.0012479362755944375,Excluding Ukraine,Croatia
2021,0.0012248426466599882,Excluding Ukraine,Croatia
2022,0.0015552316625426473,Excluding Ukraine,Croatia
2023,0.001633016000998863,Excluding Ukraine,Croatia
2024,0.0018711565722847397,Excluding Ukraine,Croatia
2025,0.0021092971435706163,Excluding Ukraine,Croatia
2026,0.0023474377148564934,Excluding Ukraine,Croatia
2027,0.00258557828614237,Excluding Ukraine,Croatia
2028,0.0028237188574282467,Excluding Ukraine,Croatia
2029,0.0030618594287141233,Excluding Ukraine,Croatia
2030,0.0033,Excluding Ukraine,Croatia
2031,0.0033,Excluding Ukraine,Croatia
2032,0.0033,Excluding Ukraine,Croatia
2033,0.0033,Excluding Ukraine,Croatia
2034,0.0033,Excluding Ukraine,Croatia
2018,0.0012872122285334377,Excluding Ukraine,Czechia
2019,0.0012801746348310454,Excluding Ukraine,Czechia
2020,0.0011935262803429738,Excluding Ukraine,Czechia
2021,0.0012876293396274113,Excluding Ukraine,Czechia
2022,0.003312153409833866,Excluding Ukraine,Czechia
2023,0.002001017961946098,Excluding Ukraine,Czechia
2024,0.002186586824525227,Excluding Ukraine,Czechia
2025,0.002372155687104356,Excluding Ukraine,Czechia
2026,0.0025577245496834844,Excluding Ukraine,Czechia
2027,0.0027432934122626138,Excluding Ukraine,Czechia
2028,0.002928862274841742,Excluding Ukraine,Czechia
2029,0.003114431137420871,Excluding Ukraine,Czechia
2030,0.0033,Excluding Ukraine,Czechia
2031,0.0033,Excluding Ukraine,Czechia
2032,0.0033,Excluding Ukraine,Czechia
2033,0.0033,Excluding Ukraine,Czechia
2034,0.0033,Excluding Ukraine,Czechia
2018,0.001289174388453027,Excluding Ukraine,Slovakia
2019,0.0010813974701287172,Excluding Ukraine,Slovakia
2020,0.0013002270350679023,Excluding Ukraine,Slovakia
2021,0.0013098831948762269,Excluding Ukraine,Slovakia
2022,0.0011037604668793076,Excluding Ukraine,Slovakia
2023,0.0009639762294456709,Excluding Ukraine,Slovakia
2024,0.0012976939109534322,Excluding Ukraine,Slovakia
2025,0.0016314115924611935,Excluding Ukraine,Slovakia
2026,0.0019651292739689546,Excluding Ukraine,Slovakia
2027,0.002298846955476716,Excluding Ukraine,Slovakia
2028,0.0026325646369844773,Excluding Ukraine,Slovakia
2029,0.0029662823184922384,Excluding Ukraine,Slovakia
2030,0.0033,Excluding Ukraine,Slovakia
2031,0.0033,Excluding Ukraine,Slovakia
2032,0.0033,Excluding Ukraine,Slovakia
2033,0.0033,Excluding Ukraine,Slovakia
2034,0.0033,Excluding Ukraine,Slovakia
2018,0.0010862274676727614,Excluding Ukraine,Bulgaria
2019,0.000931938852908571,Excluding Ukraine,Bulgaria
2020,0.0012215037593984962,Excluding Ukraine,Bulgaria
2021,0.0011552317880794702,Excluding Ukraine,Bulgaria
2022,0.002335,Excluding Ukraine,Bulgaria
2023,0.0015075499543708887,Excluding Ukraine,Bulgaria
2024,0.0017636142466036188,Excluding Ukraine,Bulgaria
2025,0.0020196785388363492,Excluding Ukraine,Bulgaria
2026,0.0022757428310690793,Excluding Ukraine,Bulgaria
2027,0.0025318071233018094,Excluding Ukraine,Bulgaria
2028,0.0027878714155345394,Excluding Ukraine,Bulgaria
2029,0.0030439357077672695,Excluding Ukraine,Bulgaria
2030,0.0033,Excluding Ukraine,Bulgaria
2031,0.0033,Excluding Ukraine,Bulgaria
2032,0.0033,Excluding Ukraine,Bulgaria
2033,0.0033,Excluding Ukraine,Bulgaria
2034,0.0033,Excluding Ukraine,Bulgaria
2018,0.002031595436809897,Excluding Ukraine,Hungary
2019,0.00205105427514156,Excluding Ukraine,Hungary
2020,0.0025103028118385663,Excluding Ukraine,Hungary
2021,0.0026214976222801107,Excluding Ukraine,Hungary
2022,0.002013029565534377,Excluding Ukraine,Hungary
2023,0.0010694681773279389,Excluding Ukraine,Hungary
2024,0.0013881155805668048,Excluding Ukraine,Hungary
2025,0.0017067629838056707,Excluding Ukraine,Hungary
2026,0.0020254103870445362,Excluding Ukraine,Hungary
2027,0.002344057790283402,Excluding Ukraine,Hungary
2028,0.002662705193522268,Excluding Ukraine,Hungary
2029,0.002981352596761134,Excluding Ukraine,Hungary
2030,0.0033,Excluding Ukraine,Hungary
2031,0.0033,Excluding Ukraine,Hungary
2032,0.0033,Excluding Ukraine,Hungary
2033,0.0033,Excluding Ukraine,Hungary
2034,0.0033,Excluding Ukraine,Hungary
2018,0.0012245978315244003,Excluding Ukraine,Poland
2019,0.0012209339446561367,Excluding Ukraine,Poland
2020,0.00125826319252887,Excluding Ukraine,Poland
2021,0.0013214754427409018,Excluding Ukraine,Poland
2022,0.004409581997097513,Excluding Ukraine,Poland
2023,0.0025830281851454795,Excluding Ukraine,Poland
2024,0.002685452730124697,Excluding Ukraine,Poland
2025,0.002787877275103914,Excluding Ukraine,Poland
2026,0.0028903018200831312,Excluding Ukraine,Poland
2027,0.002992726365062348,Excluding Ukraine,Poland
2028,0.0030951509100415656,Excluding Ukraine,Poland
2029,0.0031975754550207826,Excluding Ukraine,Poland
2030,0.0033,Excluding Ukraine,Poland
2031,0.0033,Excluding Ukraine,Poland
2032,0.0033,Excluding Ukraine,Poland
2033,0.0033,Excluding Ukraine,Poland
2034,0.0033,Excluding Ukraine,Poland
2018,0.0010438333903523777,Excluding Ukraine,Romania
2019,0.001006416340171481,Excluding Ukraine,Romania
2020,0.0011917865160286007,Excluding Ukraine,Romania
2021,0.0014406664569721706,Excluding Ukraine,Romania
2022,0.0010380973943655753,Excluding Ukraine,Romania
2023,0.0012820440663077616,Excluding Ukraine,Romania
2024,0.0015703234854066528,Excluding Ukraine,Romania
2025,0.0018586029045055438,Excluding Ukraine,Romania
2026,0.002146882323604435,Excluding Ukraine,Romania
2027,0.0024351617427033263,Excluding Ukraine,Romania
2028,0.0027234411618022175,Excluding Ukraine,Romania
2029,0.0030117205809011083,Excluding Ukraine,Romania
2030,0.0033,Excluding Ukraine,Romania
2031,0.0033,Excluding Ukraine,Romania
2032,0.0033,Excluding Ukraine,Romania
2033,0.0033,Excluding Ukraine,Romania
2034,0.0033,Excluding Ukraine,Romania
2018,0.001503091586103235,Excluding Ukraine,Estonia
2019,0.001463339144208318,Excluding Ukraine,Estonia
2020,0.001481185918044808,Excluding Ukraine,Estonia
2021,0.0014971673954103652,Excluding Ukraine,Estonia
2022,0.004852671436386454,Excluding Ukraine,Estonia
2023,0.002238173075828772,Excluding Ukraine,Estonia
2024,0.0023898626364246616,Excluding Ukraine,Estonia
2025,0.0025415521970205517,Excluding Ukraine,Estonia
2026,0.0026932417576164412,Excluding Ukraine,Estonia
2027,0.002844931318212331,Excluding Ukraine,Estonia
2028,0.002996620878808221,Excluding Ukraine,Estonia
2029,0.0031483104394041104,Excluding Ukraine,Estonia
2030,0.0033,Excluding Ukraine,Estonia
2031,0.0033,Excluding Ukraine,Estonia
2032,0.0033,Excluding Ukraine,Estonia
2033,0.0033,Excluding Ukraine,Estonia
2034,0.0033,Excluding Ukraine,Estonia
2018,0.000991048621714878,Excluding Ukraine,Latvia
2019,0.0009889890568732657,Excluding Ukraine,Latvia
2020,0.0011441319724406873,Excluding Ukraine,Latvia
2021,0.0011483302601925833,Excluding Ukraine,Latvia
2022,0.0014737493808816245,Excluding Ukraine,Latvia
2023,0.002756728650340401,Excluding Ukraine,Latvia
2024,0.002834338843148915,Excluding Ukraine,Latvia
2025,0.0029119490359574294,Excluding Ukraine,Latvia
2026,0.0029895592287659434,Excluding Ukraine,Latvia
2027,0.0030671694215744574,Excluding Ukraine,Latvia
2028,0.0031447796143829715,Excluding Ukraine,Latvia
2029,0.003222389807191486,Excluding Ukraine,Latvia
2030,0.0033,Excluding Ukraine,Latvia
2031,0.0033,Excluding Ukraine,Latvia
2032,0.0033,Excluding Ukraine,Latvia
2033,0.0033,Excluding Ukraine,Latvia
2034,0.0033,Excluding Ukraine,Latvia
2018,0.0011531136687644046,Excluding Ukraine,Lithuania
2019,0.0012119455902907987,Excluding Ukraine,Lithuania
2020,0.0012132941156711866,Excluding Ukraine,Lithuania
2021,0.0012742621722252401,Excluding Ukraine,Lithuania
2022,0.002401004037496825,Excluding Ukraine,Lithuania
2023,0.0015994175093440148,Excluding Ukraine,Lithuania
2024,0.0018423578651520127,Excluding Ukraine,Lithuania
2025,0.0020852982209600105,Excluding Ukraine,Lithuania
2026,0.002328238576768008,Excluding Ukraine,Lithuania
2027,0.0025711789325760064,Excluding Ukraine,Lithuania
2028,0.0028141192883840045,Excluding Ukraine,Lithuania
2029,0.003057059644192002,Excluding Ukraine,Lithuania
2030,0.0033,Excluding Ukraine,Lithuania
2031,0.0033,Excluding Ukraine,Lithuania
2032,0.0033,Excluding Ukraine,Lithuania
2033,0.0033,Excluding Ukraine,Lithuania
2034,0.0033,Excluding Ukraine,Lithuania
2018,0.0024419059442591217,Excluding IDRC,Austria
2019,0.0026892772127089888,Excluding IDRC,Austria
2020,0.002892271796871079,Excluding IDRC,Austria
2021,0.002950005946626552,Excluding IDRC,Austria
2022,0.0031458928022188525,Excluding IDRC,Austria
2023,0.0032543178716494797,Excluding IDRC,Austria
2024,0.0037894153185566966,Excluding IDRC,Austria
2025,0.004324512765463914,Excluding IDRC,Austria
2026,0.004859610212371131,Excluding IDRC,Austria
2027,0.005394707659278348,Excluding IDRC,Austria
2028,0.005929805106185565,Excluding IDRC,Austria
2029,0.006464902553092783,Excluding IDRC,Austria
2030,0.007,Excluding IDRC,Austria
2031,0.007,Excluding IDRC,Austria
2032,0.007,Excluding IDRC,Austria
2033,0.007,Excluding IDRC,Austria
2034,0.007,Excluding IDRC,Austria
2018,0.0038473433910459973,Excluding IDRC,Belgium
2019,0.0038323887371011812,Excluding IDRC,Belgium
2020,0.004509088988381074,Excluding IDRC,Belgium
2021,0.003910500463661296,Excluding IDRC,Belgium
2022,0.003987106270717638,Excluding IDRC,Belgium
2023,0.0038608357556334004,Excluding IDRC,Belgium
2024,0.004309287790542914,Excluding IDRC,Belgium
2025,0.004757739825452429,Excluding IDRC,Belgium
2026,0.005206191860361943,Excluding IDRC,Belgium
2027,0.005654643895271458,Excluding IDRC,Belgium
2028,0.0061030959301809715,Excluding IDRC,Belgium
2029,0.006551547965090486,Excluding IDRC,Belgium
2030,0.007,Excluding IDRC,Belgium
2031,0.007,Excluding IDRC,Belgium
2032,0.007,Excluding IDRC,Belgium
2033,0.007,Excluding IDRC,Belgium
2034,0.007,Excluding IDRC,Belgium
2018,0.0069984760678066605,Excluding IDRC,Denmark
2019,0.007017180091377378,Excluding IDRC,Denmark
2020,0.007040343647451974,Excluding IDRC,Denmark
2021,0.006953965686420628,Excluding IDRC,Denmark
2022,0.0058392753482972145,Excluding IDRC,Denmark
2023,0.006671519051032084,Excluding IDRC,Denmark
2024,0.006718444900884643,Excluding IDRC,Denmark
2025,0.006765370750737203,Excluding IDRC,Denmark
2026,0.006812296600589763,Excluding IDRC,Denmark
2027,0.006859222450442321,Excluding IDRC,Denmark
2028,0.006906148300294881,Excluding IDRC,Denmark
2029,0.0069530741501474405,Excluding IDRC,Denmark
2030,0.007,Excluding IDRC,Denmark
2031,0.007,Excluding IDRC,Denmark
2032,0.007,Excluding IDRC,Denmark
2033,0.007,Excluding IDRC,Denmark
2034,0.007,Excluding IDRC,Denmark
2018,0.003992517905816746,Excluding IDRC,France
2019,0.003973701273620869,Excluding IDRC,France
2020,0.004839492277282826,Excluding IDRC,France
2021,0.0047163425225441044,Excluding IDRC,France
2022,0.005060268702921555,Excluding IDRC,France
2023,0.004575752174979622,Excluding IDRC,France
2024,0.004922073292839676,Excluding IDRC,France
2025,0.0052683944106997295,Excluding IDRC,France
2026,0.005614715528559784,Excluding IDRC,France
2027,0.005961036646419838,Excluding IDRC,France
2028,0.006307357764279892,Excluding IDRC,France
2029,0.006653678882139946,Excluding IDRC,France
2030,0.007,Excluding IDRC,France
2031,0.007,Excluding IDRC,France
2032,0.007,Excluding IDRC,France
2033,0.007,Excluding IDRC,France
2034,0.007,Excluding IDRC,France
2018,0.005170620363559501,Excluding IDRC,Germany
2019,0.00534793911203616,Excluding IDRC,Germany
2020,0.006669057280188605,Excluding IDRC,Germany
2021,0.0070217963492295666,Excluding IDRC,Germany
2022,0.007327858915425333,Excluding IDRC,Germany
2023,0.006384954756928056,Excluding IDRC,Germany
2024,0.006472818363081191,Excluding IDRC,Germany
2025,0.006560681969234325,Excluding IDRC,Germany
2026,0.00664854557538746,Excluding IDRC,Germany
2027,0.0067364091815405956,Excluding IDRC,Germany
2028,0.006824272787693731,Excluding IDRC,Germany
2029,0.006912136393846865,Excluding IDRC,Germany
2030,0.007,Excluding IDRC,Germany
2031,0.007,Excluding IDRC,Germany
2032,0.007,Excluding IDRC,Germany
2033,0.007,Excluding IDRC,Germany
2034,0.007,Excluding IDRC,Germany
2018,0.001947411682680245,Excluding IDRC,Italy
2019,0.0019652453360700078,Excluding IDRC,Italy
2020,0.002113706973468711,Excluding IDRC,Italy
2021,0.0026021064513949577,Excluding IDRC,Italy
2022,0.002543252235803,Excluding IDRC,Italy
2023,0.001956269806953627,Excluding IDRC,Italy
2024,0.0026768026916745374,Excluding IDRC,Italy
2025,0.003397335576395448,Excluding IDRC,Italy
2026,0.004117868461116359,Excluding IDRC,Italy
2027,0.004838401345837269,Excluding IDRC,Italy
2028,0.00555893423055818,Excluding IDRC,Italy
2029,0.0062794671152790905,Excluding IDRC,Italy
2030,0.007,Excluding IDRC,Italy
2031,0.007,Excluding IDRC,Italy
2032,0.007,Excluding IDRC,Italy
2033,0.007,Excluding IDRC,Italy
2034,0.007,Excluding IDRC,Italy
2018,0.005564572479783054,Excluding IDRC,Netherlands
2019,0.005320632350018641,Excluding IDRC,Netherlands
2020,0.00530273676639248,Excluding IDRC,Netherlands
2021,0.004832864440830873,Excluding IDRC,Netherlands
2022,0.005704352963476509,Excluding IDRC,Netherlands
2023,0.005461974620817437,Excluding IDRC,Netherlands
2024,0.005681692532129232,Excluding IDRC,Netherlands
2025,0.005901410443441026,Excluding IDRC,Netherlands
2026,0.006121128354752821,Excluding IDRC,Netherlands
2027,0.006340846266064616,Excluding IDRC,Netherlands
2028,0.006560564177376411,Excluding IDRC,Netherlands
2029,0.0067802820886882055,Excluding IDRC,Netherlands
2030,0.007,Excluding IDRC,Netherlands
2031,0.007,Excluding IDRC,Netherlands
2032,0.007,Excluding IDRC,Netherlands
2033,0.007,Excluding IDRC,Netherlands
2034,0.007,Excluding IDRC,Netherlands
2018,0.0017331633160883823,Excluding IDRC,Portugal
2019,0.001686875473084413,Excluding IDRC,Portugal
2020,0.0017968134766892592,Excluding IDRC,Portugal
2021,0.0017875463863478058,Excluding IDRC,Portugal
2022,0.0020500490279944123,Excluding IDRC,Portugal
2023,0.001833741221276261,Excluding IDRC,Portugal
2024,0.0025717781896653666,Excluding IDRC,Portugal
2025,0.003309815158054472,Excluding IDRC,Portugal
2026,0.004047852126443578,Excluding IDRC,Portugal
2027,0.004785889094832683,Excluding IDRC,Portugal
2028,0.005523926063221789,Excluding IDRC,Portugal
2029,0.006261963031610895,Excluding IDRC,Portugal
2030,0.007,Excluding IDRC,Portugal
2031,0.007,Excluding IDRC,Portugal
2032,0.007,Excluding IDRC,Portugal
2033,0.007,Excluding IDRC,Portugal
2034,0.007,Excluding IDRC,Portugal
2018,0.009781388610708416,Excluding IDRC,Sweden
2019,0.009079599910869235,Excluding IDRC,Sweden
2020,0.011121268254985479,Excluding IDRC,Sweden
2021,0.008933289645795232,Excluding IDRC,Sweden
2022,0.00828456929999332,Excluding IDRC,Sweden
2023,0.008671790789831185,Excluding IDRC,Sweden
2024,0.008671790789831185,Excluding IDRC,Sweden
2025,0.008671790789831185,Excluding IDRC,Sweden
2026,0.008671790789831185,Excluding IDRC,Sweden
2027,0.008671790789831185,Excluding IDRC,Sweden
2028,0.008671790789831185,Excluding IDRC,Sweden
2029,0.008671790789831185,Excluding IDRC,Sweden
2030,0.008671790789831185,Excluding IDRC,Sweden
2031,0.008671790789831185,Excluding IDRC,Sweden
2032,0.008671790789831185,Excluding IDRC,Sweden
2033,0.008671790789831185,Excluding IDRC,Sweden
2034,0.008671790789831185,Excluding IDRC,Sweden
2018,0.0033818310267164434,Excluding IDRC,Finland
2019,0.0038384773678481455,Excluding IDRC,Finland
2020,0.0044588809811608975,Excluding IDRC,Finland
2021,0.0045119246211234205,Excluding IDRC,Finland
2022,0.004280436390653332,Excluding IDRC,Finland
2023,0.004408109605541666,Excluding IDRC,Finland
2024,0.004778379661892857,Excluding IDRC,Finland
2025,0.005148649718244047,Excluding IDRC,Finland
2026,0.0055189197745952375,Excluding IDRC,Finland
2027,0.005889189830946428,Excluding IDRC,Finland
2028,0.006259459887297619,Excluding IDRC,Finland
2029,0.006629729943648809,Excluding IDRC,Finland
2030,0.007,Excluding IDRC,Finland
2031,0.007,Excluding IDRC,Finland
2032,0.007,Excluding IDRC,Finland
2033,0.007,Excluding IDRC,Finland
2034,0.007,Excluding IDRC,Finland
2018,0.002953746353576103,Excluding IDRC,Ireland
2019,0.002885829977789983,Excluding IDRC,Ireland
2020,0.002938226332001762,Excluding IDRC,Ireland
2021,0.0028874949770762285,Excluding IDRC,Ireland
2022,0.0031509406713111036,Excluding IDRC,Ireland
2023,0.0031868416620732475,Excluding IDRC,Ireland
2024,0.0037315785674913553,Excluding IDRC,Ireland
2025,0.004276315472909463,Excluding IDRC,Ireland
2026,0.00482105237832757,Excluding IDRC,Ireland
2027,0.005365789283745677,Excluding IDRC,Ireland
2028,0.005910526189163785,Excluding IDRC,Ireland
2029,0.006455263094581893,Excluding IDRC,Ireland
2030,0.007,Excluding IDRC,Ireland
2031,0.007,Excluding IDRC,Ireland
2032,0.007,Excluding IDRC,Ireland
2033,0.007,Excluding IDRC,Ireland
2034,0.007,Excluding IDRC,Ireland
2018,0.009838159614038873,Excluding IDRC,Luxembourg
2019,0.010334824365215104,Excluding IDRC,Luxembourg
2020,0.010300828476558084,Excluding IDRC,Luxembourg
2021,0.00987852076949056,Excluding IDRC,Luxembourg
2022,0.009956615885020732,Excluding IDRC,Luxembourg
2023,0.009857905051154588,Excluding IDRC,Luxembourg
2024,0.009857905051154588,Excluding IDRC,Luxembourg
2025,0.009857905051154588,Excluding IDRC,Luxembourg
2026,0.009857905051154588,Excluding IDRC,Luxembourg
2027,0.009857905051154588,Excluding IDRC,Luxembourg
2028,0.009857905051154588,Excluding IDRC,Luxembourg
2029,0.009857905051154588,Excluding IDRC,Luxembourg
2030,0.009857905051154588,Excluding IDRC,Luxembourg
2031,0.009857905051154588,Excluding IDRC,Luxembourg
2032,0.009857905051154588,Excluding IDRC,Luxembourg
2033,0.009857905051154588,Excluding IDRC,Luxembourg
2034,0.009857905051154588,Excluding IDRC,Luxembourg
2018,0.0011967511557025912,Excluding IDRC,Cyprus
2019,0.0009424923897397172,Excluding IDRC,Cyprus
2020,0.0005719808287804975,Excluding IDRC,Cyprus
2021,0.0007378345691912033,Excluding IDRC,Cyprus
2022,0.0005243976885192478,Excluding IDRC,Cyprus
2023,0.0006589447344959036,Excluding IDRC,Cyprus
2024,0.0010362383438536316,Excluding IDRC,Cyprus
2025,0.0014135319532113597,Excluding IDRC,Cyprus
2026,0.001790825562569088,Excluding IDRC,Cyprus
2027,0.002168119171926816,Excluding IDRC,Cyprus
2028,0.002545412781284544,Excluding IDRC,Cyprus
2029,0.002922706390642272,Excluding IDRC,Cyprus
2030,0.0033,Excluding IDRC,Cyprus
2031,0.0033,Excluding IDRC,Cyprus
2032,0.0033,Excluding IDRC,Cyprus
2033,0.0033,Excluding IDRC,Cyprus
2034,0.0033,Excluding IDRC,Cyprus
2018,0.0012042032252114615,Excluding IDRC,Greece
2019,0.0011112607229324708,Excluding IDRC,Greece
2020,0.001304117209142388,Excluding IDRC,Greece
2021,0.0014035666459614065,Excluding IDRC,Greece
2022,0.0013179522260544617,Excluding IDRC,Greece
2023,0.0013585433021426445,Excluding IDRC,Greece
2024,0.0021644656875508383,Excluding IDRC,Greece
2025,0.002970388072959032,Excluding IDRC,Greece
2026,0.0037763104583672254,Excluding IDRC,Greece
2027,0.00458223284377542,Excluding IDRC,Greece
2028,0.005388155229183613,Excluding IDRC,Greece
2029,0.006194077614591806,Excluding IDRC,Greece
2030,0.007,Excluding IDRC,Greece
2031,0.007,Excluding IDRC,Greece
2032,0.007,Excluding IDRC,Greece
2033,0.007,Excluding IDRC,Greece
2034,0.007,Excluding IDRC,Greece
2018,0.0012796251645581418,Excluding IDRC,Malta
2019,0.0013640726083556484,Excluding IDRC,Malta
2020,0.001063977773015569,Excluding IDRC,Malta
2021,0.0007463821452251622,Excluding IDRC,Malta
2022,0.0005700382766086377,Excluding IDRC,Malta
2023,0.00026665283634273875,Excluding IDRC,Malta
2024,0.0006999881454366332,Excluding IDRC,Malta
2025,0.0011333234545305277,Excluding IDRC,Malta
2026,0.0015666587636244222,Excluding IDRC,Malta
2027,0.0019999940727183168,Excluding IDRC,Malta
2028,0.002433329381812211,Excluding IDRC,Malta
2029,0.0028666646909061054,Excluding IDRC,Malta
2030,0.0033,Excluding IDRC,Malta
2031,0.0033,Excluding IDRC,Malta
2032,0.0033,Excluding IDRC,Malta
2033,0.0033,Excluding IDRC,Malta
2034,0.0033,Excluding IDRC,Malta
2018,0.0018341878370077092,Excluding IDRC,Spain
2019,0.0018761676680601389,Excluding IDRC,Spain
2020,0.0021745850671587175,Excluding IDRC,Spain
2021,0.002406034642137328,Excluding IDRC,Spain
2022,0.002384952561358676,Excluding IDRC,Spain
2023,0.002253973395948394,Excluding IDRC,Spain
2024,0.0029319771965271952,Excluding IDRC,Spain
2025,0.003609980997105996,Excluding IDRC,Spain
2026,0.004287984797684797,Excluding IDRC,Spain
2027,0.004965988598263598,Excluding IDRC,Spain
2028,0.005643992398842399,Excluding IDRC,Spain
2029,0.006321996199421199,Excluding IDRC,Spain
2030,0.007,Excluding IDRC,Spain
2031,0.007,Excluding IDRC,Spain
2032,0.007,Excluding IDRC,Spain
2033,0.007,Excluding IDRC,Spain
2034,0.007,Excluding IDRC,Spain
2018,0.0015147166325079943,Excluding IDRC,Slovenia
2019,0.0016115680047770267,Excluding IDRC,Slovenia
2020,0.0016915444488656529,Excluding IDRC,Slovenia
2021,0.0018705508497896411,Excluding IDRC,Slovenia
2022,0.002426118305905776,Excluding IDRC,Slovenia
2023,0.0021498941363598417,Excluding IDRC,Slovenia
2024,0.0023141949740227213,Excluding IDRC,Slovenia
2025,0.0024784958116856014,Excluding IDRC,Slovenia
2026,0.002642796649348481,Excluding IDRC,Slovenia
2027,0.0028070974870113606,Excluding IDRC,Slovenia
2028,0.0029713983246742407,Excluding IDRC,Slovenia
2029,0.0031356991623371203,Excluding IDRC,Slovenia
2030,0.0033,Excluding IDRC,Slovenia
2031,0.0033,Excluding IDRC,Slovenia
2032,0.0033,Excluding IDRC,Slovenia
2033,0.0033,Excluding IDRC,Slovenia
2034,0.0033,Excluding IDRC,Slovenia
2018,0.0013396624132229382,Excluding IDRC,Croatia
2019,0.0011221092411312346,Excluding IDRC,Croatia
2020,0.0012692117849301312,Excluding IDRC,Croatia
2021,0.001237702266283999,Excluding IDRC,Croatia
2022,0.0014420085415071309,Excluding IDRC,Croatia
2023,0.0018775717051085796,Excluding IDRC,Croatia
2024,0.0020807757472359255,Excluding IDRC,Croatia
2025,0.002283979789363271,Excluding IDRC,Croatia
2026,0.002487183831490617,Excluding IDRC,Croatia
2027,0.0026903878736179625,Excluding IDRC,Croatia
2028,0.0028935919157453086,Excluding IDRC,Croatia
2029,0.003096795957872654,Excluding IDRC,Croatia
2030,0.0033,Excluding IDRC,Croatia
2031,0.0033,Excluding IDRC,Croatia
2032,0.0033,Excluding IDRC,Croatia
2033,0.0033,Excluding IDRC,Croatia
2034,0.0033,Excluding IDRC,Croatia
2018,0.0012102471244598255,Excluding IDRC,Czechia
2019,0.0012873100762116107,Excluding IDRC,Czechia
2020,0.0012401540100396597,Excluding IDRC,Czechia
2021,0.0013254368462083496,Excluding IDRC,Czechia
2022,0.0014630948960743047,Excluding IDRC,Czechia
2023,0.0011458886593127247,Excluding IDRC,Czechia
2024,0.0014536188508394784,Excluding IDRC,Czechia
2025,0.001761349042366232,Excluding IDRC,Czechia
2026,0.0020690792338929854,Excluding IDRC,Czechia
2027,0.002376809425419739,Excluding IDRC,Czechia
2028,0.0026845396169464927,Excluding IDRC,Czechia
2029,0.0029922698084732463,Excluding IDRC,Czechia
2030,0.0033,Excluding IDRC,Czechia
2031,0.0033,Excluding IDRC,Czechia
2032,0.0033,Excluding IDRC,Czechia
2033,0.0033,Excluding IDRC,Czechia
2034,0.0033,Excluding IDRC,Czechia
2018,0.0013064409686150812,Excluding IDRC,Slovakia
2019,0.001106138781427843,Excluding IDRC,Slovakia
2020,0.001367515466343448,Excluding IDRC,Slovakia
2021,0.00135938100387027,Excluding IDRC,Slovakia
2022,0.0015269477267494096,Excluding IDRC,Slovakia
2023,0.001337571840514638,Excluding IDRC,Slovakia
2024,0.0016179187204411183,Excluding IDRC,Slovakia
2025,0.0018982656003675986,Excluding IDRC,Slovakia
2026,0.0021786124802940787,Excluding IDRC,Slovakia
2027,0.0024589593602205593,Excluding IDRC,Slovakia
2028,0.0027393062401470394,Excluding IDRC,Slovakia
2029,0.0030196531200735195,Excluding IDRC,Slovakia
2030,0.0033,Excluding IDRC,Slovakia
2031,0.0033,Excluding IDRC,Slovakia
2032,0.0033,Excluding IDRC,Slovakia
2033,0.0033,Excluding IDRC,Slovakia
2034,0.0033,Excluding IDRC,Slovakia
2018,0.001030279578214182,Excluding IDRC,Bulgaria
2019,0.000891096330007585,Excluding IDRC,Bulgaria
2020,0.0012165413533834586,Excluding IDRC,Bulgaria
2021,0.0011218543046357617,Excluding IDRC,Bulgaria
2022,0.0013809302325581397,Excluding IDRC,Bulgaria
2023,0.0016014285714285716,Excluding IDRC,Bulgaria
2024,0.0018440816326530613,Excluding IDRC,Bulgaria
2025,0.002086734693877551,Excluding IDRC,Bulgaria
2026,0.002329387755102041,Excluding IDRC,Bulgaria
2027,0.0025720408163265305,Excluding IDRC,Bulgaria
2028,0.0028146938775510206,Excluding IDRC,Bulgaria
2029,0.0030573469387755103,Excluding IDRC,Bulgaria
2030,0.0033,Excluding IDRC,Bulgaria
2031,0.0033,Excluding IDRC,Bulgaria
2032,0.0033,Excluding IDRC,Bulgaria
2033,0.0033,Excluding IDRC,Bulgaria
2034,0.0033,Excluding IDRC,Bulgaria
2018,0.0020641772816335775,Excluding IDRC,Hungary
2019,0.0021185643982538655,Excluding IDRC,Hungary
2020,0.002691378509062632,Excluding IDRC,Hungary
2021,0.0027976059078459532,Excluding IDRC,Hungary
2022,0.0025908125939115485,Excluding IDRC,Hungary
2023,0.001484841265570305,Excluding IDRC,Hungary
2024,0.0017441496562031187,Excluding IDRC,Hungary
2025,0.0020034580468359323,Excluding IDRC,Hungary
2026,0.0022627664374687455,Excluding IDRC,Hungary
2027,0.0025220748281015596,Excluding IDRC,Hungary
2028,0.0027813832187343727,Excluding IDRC,Hungary
2029,0.0030406916093671864,Excluding IDRC,Hungary
2030,0.0033,Excluding IDRC,Hungary
2031,0.0033,Excluding IDRC,Hungary
2032,0.0033,Excluding IDRC,Hungary
2033,0.0033,Excluding IDRC,Hungary
2034,0.0033,Excluding IDRC,Hungary
2018,0.001348713795952751,Excluding IDRC,Poland
2019,0.001376108360628271,Excluding IDRC,Poland
2020,0.0014246632818760358,Excluding IDRC,Poland
2021,0.0014924730186669135,Excluding IDRC,Poland
2022,0.0019756732567633066,Excluding IDRC,Poland
2023,0.002381178720491435,Excluding IDRC,Poland
2024,0.0025124389032783728,Excluding IDRC,Poland
2025,0.002643699086065311,Excluding IDRC,Poland
2026,0.0027749592688522486,Excluding IDRC,Poland
2027,0.0029062194516391864,Excluding IDRC,Poland
2028,0.0030374796344261245,Excluding IDRC,Poland
2029,0.0031687398172130623,Excluding IDRC,Poland
2030,0.0033,Excluding IDRC,Poland
2031,0.0033,Excluding IDRC,Poland
2032,0.0033,Excluding IDRC,Poland
2033,0.0033,Excluding IDRC,Poland
2034,0.0033,Excluding IDRC,Poland
2018,0.0010620937393089292,Excluding IDRC,Romania
2019,0.0010292507239675858,Excluding IDRC,Romania
2020,0.0012607037908956684,Excluding IDRC,Romania
2021,0.001494745689718394,Excluding IDRC,Romania
2022,0.001362711147123564,Excluding IDRC,Romania
2023,0.0012839926421862877,Excluding IDRC,Romania
2024,0.0015719936933025324,Excluding IDRC,Romania
2025,0.0018599947444187769,Excluding IDRC,Romania
2026,0.0021479957955350213,Excluding IDRC,Romania
2027,0.0024359968466512658,Excluding IDRC,Romania
2028,0.00272399789776751,Excluding IDRC,Romania
2029,0.003011998948883755,Excluding IDRC,Romania
2030,0.0033,Excluding IDRC,Romania
2031,0.0033,Excluding IDRC,Romania
2032,0.0033,Excluding IDRC,Romania
2033,0.0033,Excluding IDRC,Romania
2034,0.0033,Excluding IDRC,Romania
2018,0.0015279662262086503,Excluding IDRC,Estonia
2019,0.0015556715852114644,Excluding IDRC,Estonia
2020,0.0016372050532938132,Excluding IDRC,Estonia
2021,0.0016482250452488814,Excluding IDRC,Estonia
2022,0.0017167773284563488,Excluding IDRC,Estonia
2023,0.0019068373740125301,Excluding IDRC,Estonia
2024,0.002105860606296454,Excluding IDRC,Estonia
2025,0.0023048838385803785,Excluding IDRC,Estonia
2026,0.002503907070864303,Excluding IDRC,Estonia
2027,0.002702930303148227,Excluding IDRC,Estonia
2028,0.0029019535354321514,Excluding IDRC,Estonia
2029,0.0031009767677160757,Excluding IDRC,Estonia
2030,0.0033,Excluding IDRC,Estonia
2031,0.0033,Excluding IDRC,Estonia
2032,0.0033,Excluding IDRC,Estonia
2033,0.0033,Excluding IDRC,Estonia
2034,0.0033,Excluding IDRC,Estonia
2018,0.00098365494354631,Excluding IDRC,Latvia
2019,0.0009904762584625488,Excluding IDRC,Latvia
2020,0.0011948079996935309,Excluding IDRC,Latvia
2021,0.0011729153861913541,Excluding IDRC,Latvia
2022,0.0019155522535908868,Excluding IDRC,Latvia
2023,0.002325339012174579,Excluding IDRC,Latvia
2024,0.002464576296149639,Excluding IDRC,Latvia
2025,0.0026038135801246995,Excluding IDRC,Latvia
2026,0.0027430508640997595,Excluding IDRC,Latvia
2027,0.0028822881480748195,Excluding IDRC,Latvia
2028,0.00302152543204988,Excluding IDRC,Latvia
2029,0.00316076271602494,Excluding IDRC,Latvia
2030,0.0033,Excluding IDRC,Latvia
2031,0.0033,Excluding IDRC,Latvia
2032,0.0033,Excluding IDRC,Latvia
2033,0.0033,Excluding IDRC,Latvia
2034,0.0033,Excluding IDRC,Latvia
2018,0.0011914572700777383,Excluding IDRC,Lithuania
2019,0.0012579688405550064,Excluding IDRC,Lithuania
2020,0.0013070503387866358,Excluding IDRC,Lithuania
2021,0.00133992616765731,Excluding IDRC,Lithuania
2022,0.0024906607582544167,Excluding IDRC,Lithuania
2023,0.0026116216275728836,Excluding IDRC,Lithuania
2024,0.0027099613950624718,Excluding IDRC,Lithuania
2025,0.0028083011625520595,Excluding IDRC,Lithuania
2026,0.0029066409300416477,Excluding IDRC,Lithuania
2027,0.003004980697531236,Excluding IDRC,Lithuania
2028,0.0031033204650208236,Excluding IDRC,Lithuania
2029,0.003201660232510412,Excluding IDRC,Lithuania
2030,0.0033,Excluding IDRC,Lithuania
2031,0.0033,Excluding IDRC,Lithuania
2032,0.0033,Excluding IDRC,Lithuania
2033,0.0033,Excluding IDRC,Lithuania
2034,0.0033,Excluding IDRC,Lithuania
2018,0.0023835919700399876,Excluding Ukraine and IDRC,Austria
2019,0.002634668614844281,Excluding Ukraine and IDRC,Austria
2020,0.0027868223265346903,Excluding Ukraine and IDRC,Austria
2021,0.002862282959427236,Excluding Ukraine and IDRC,Austria
2022,0.002673216538089779,Excluding Ukraine and IDRC,Austria
2023,0.0028093915594929065,Excluding Ukraine and IDRC,Austria
2024,0.003408049908136777,Excluding Ukraine and IDRC,Austria
2025,0.004006708256780647,Excluding Ukraine and IDRC,Austria
2026,0.004605366605424518,Excluding Ukraine and IDRC,Austria
2027,0.005204024954068388,Excluding Ukraine and IDRC,Austria
2028,0.005802683302712259,Excluding Ukraine and IDRC,Austria
2029,0.00640134165135613,Excluding Ukraine and IDRC,Austria
2030,0.007,Excluding Ukraine and IDRC,Austria
2031,0.007,Excluding Ukraine and IDRC,Austria
2032,0.007,Excluding Ukraine and IDRC,Austria
2033,0.007,Excluding Ukraine and IDRC,Austria
2034,0.007,Excluding Ukraine and IDRC,Austria
2018,0.0038172658089381532,Excluding Ukraine and IDRC,Belgium
2019,0.003796599453564252,Excluding Ukraine and IDRC,Belgium
2020,0.004406348081823806,Excluding Ukraine and IDRC,Belgium
2021,0.0038437446139133183,Excluding Ukraine and IDRC,Belgium
2022,0.0034036010854353324,Excluding Ukraine and IDRC,Belgium
2023,0.0033148536896561234,Excluding Ukraine and IDRC,Belgium
2024,0.0038413031625623914,Excluding Ukraine and IDRC,Belgium
2025,0.004367752635468659,Excluding Ukraine and IDRC,Belgium
2026,0.004894202108374927,Excluding Ukraine and IDRC,Belgium
2027,0.005420651581281195,Excluding Ukraine and IDRC,Belgium
2028,0.005947101054187463,Excluding Ukraine and IDRC,Belgium
2029,0.006473550527093732,Excluding Ukraine and IDRC,Belgium
2030,0.007,Excluding Ukraine and IDRC,Belgium
2031,0.007,Excluding Ukraine and IDRC,Belgium
2032,0.007,Excluding Ukraine and IDRC,Belgium
2033,0.007,Excluding Ukraine and IDRC,Belgium
2034,0.007,Excluding Ukraine and IDRC,Belgium
2018,0.006927156174311035,Excluding Ukraine and IDRC,Denmark
2019,0.006922938695452598,Excluding Ukraine and IDRC,Denmark
2020,0.006925192006473243,Excluding Ukraine and IDRC,Denmark
2021,0.006820643627508532,Excluding Ukraine and IDRC,Denmark
2022,0.005148244001547989,Excluding Ukraine and IDRC,Denmark
2023,0.005964473209503549,Excluding Ukraine and IDRC,Denmark
2024,0.006112405608145899,Excluding Ukraine and IDRC,Denmark
2025,0.0062603380067882495,Excluding Ukraine and IDRC,Denmark
2026,0.0064082704054305994,Excluding Ukraine and IDRC,Denmark
2027,0.006556202804072949,Excluding Ukraine and IDRC,Denmark
2028,0.006704135202715299,Excluding Ukraine and IDRC,Denmark
2029,0.00685206760135765,Excluding Ukraine and IDRC,Denmark
2030,0.007,Excluding Ukraine and IDRC,Denmark
2031,0.007,Excluding Ukraine and IDRC,Denmark
2032,0.007,Excluding Ukraine and IDRC,Denmark
2033,0.007,Excluding Ukraine and IDRC,Denmark
2034,0.007,Excluding Ukraine and IDRC,Denmark
2018,0.003966441251372257,Excluding Ukraine and IDRC,France
2019,0.003943682766205132,Excluding Ukraine and IDRC,France
2020,0.004757575136337721,Excluding Ukraine and IDRC,France
2021,0.004653826695965794,Excluding Ukraine and IDRC,France
2022,0.0045003786467985845,Excluding Ukraine and IDRC,France
2023,0.004043062594889746,Excluding Ukraine and IDRC,France
2024,0.0044654822241912105,Excluding Ukraine and IDRC,France
2025,0.004887901853492676,Excluding Ukraine and IDRC,France
2026,0.00531032148279414,Excluding Ukraine and IDRC,France
2027,0.005732741112095606,Excluding Ukraine and IDRC,France
2028,0.00615516074139707,Excluding Ukraine and IDRC,France
2029,0.006577580370698536,Excluding Ukraine and IDRC,France
2030,0.007,Excluding Ukraine and IDRC,France
2031,0.007,Excluding Ukraine and IDRC,France
2032,0.007,Excluding Ukraine and IDRC,France
2033,0.007,Excluding Ukraine and IDRC,France
2034,0.007,Excluding Ukraine and IDRC,France
2018,0.005096090845565837,Excluding Ukraine and IDRC,Germany
2019,0.005273853435388029,Excluding Ukraine and IDRC,Germany
2020,0.006555719028804967,Excluding Ukraine and IDRC,Germany
2021,0.006921744879604623,Excluding Ukraine and IDRC,Germany
2022,0.006500311041700503,Excluding Ukraine and IDRC,Germany
2023,0.005612500296419242,Excluding Ukraine and IDRC,Germany
2024,0.005810714539787922,Excluding Ukraine and IDRC,Germany
2025,0.006008928783156601,Excluding Ukraine and IDRC,Germany
2026,0.006207143026525281,Excluding Ukraine and IDRC,Germany
2027,0.006405357269893961,Excluding Ukraine and IDRC,Germany
2028,0.006603571513262641,Excluding Ukraine and IDRC,Germany
2029,0.00680178575663132,Excluding Ukraine and IDRC,Germany
2030,0.007,Excluding Ukraine and IDRC,Germany
2031,0.007,Excluding Ukraine and IDRC,Germany
2032,0.007,Excluding Ukraine and IDRC,Germany
2033,0.007,Excluding Ukraine and IDRC,Germany
2034,0.007,Excluding Ukraine and IDRC,Germany
2018,0.0019229641176433502,Excluding Ukraine and IDRC,Italy
2019,0.0019408884822388717,Excluding Ukraine and IDRC,Italy
2020,0.0020393854386838452,Excluding Ukraine and IDRC,Italy
2021,0.002547287910085093,Excluding Ukraine and IDRC,Italy
2022,0.001969533089176458,Excluding Ukraine and IDRC,Italy
2023,0.0014240293700363337,Excluding Ukraine and IDRC,Italy
2024,0.002220596602888286,Excluding Ukraine and IDRC,Italy
2025,0.0030171638357402385,Excluding Ukraine and IDRC,Italy
2026,0.003813731068592191,Excluding Ukraine and IDRC,Italy
2027,0.004610298301444144,Excluding Ukraine and IDRC,Italy
2028,0.0054068655342960955,Excluding Ukraine and IDRC,Italy
2029,0.006203432767148048,Excluding Ukraine and IDRC,Italy
2030,0.007,Excluding Ukraine and IDRC,Italy
2031,0.007,Excluding Ukraine and IDRC,Italy
2032,0.007,Excluding Ukraine and IDRC,Italy
2033,0.007,Excluding Ukraine and IDRC,Italy
2034,0.007,Excluding Ukraine and IDRC,Italy
2018,0.005541984874840702,Excluding Ukraine and IDRC,Netherlands
2019,0.005299098017517415,Excluding Ukraine and IDRC,Netherlands
2020,0.005250895988808229,Excluding Ukraine and IDRC,Netherlands
2021,0.0047983502764208244,Excluding Ukraine and IDRC,Netherlands
2022,0.0051371475709496945,Excluding Ukraine and IDRC,Netherlands
2023,0.0049526788062433935,Excluding Ukraine and IDRC,Netherlands
2024,0.005245153262494338,Excluding Ukraine and IDRC,Netherlands
2025,0.005537627718745281,Excluding Ukraine and IDRC,Netherlands
2026,0.005830102174996225,Excluding Ukraine and IDRC,Netherlands
2027,0.0061225766312471685,Excluding Ukraine and IDRC,Netherlands
2028,0.006415051087498113,Excluding Ukraine and IDRC,Netherlands
2029,0.006707525543749057,Excluding Ukraine and IDRC,Netherlands
2030,0.007,Excluding Ukraine and IDRC,Netherlands
2031,0.007,Excluding Ukraine and IDRC,Netherlands
2032,0.007,Excluding Ukraine and IDRC,Netherlands
2033,0.007,Excluding Ukraine and IDRC,Netherlands
2034,0.007,Excluding Ukraine and IDRC,Netherlands
2018,0.001716085691037473,Excluding Ukraine and IDRC,Portugal
2019,0.0016661449842645122,Excluding Ukraine and IDRC,Portugal
2020,0.0017252065116798445,Excluding Ukraine and IDRC,Portugal
2021,0.0017343059282132643,Excluding Ukraine and IDRC,Portugal
2022,0.0015432006693800705,Excluding Ukraine and IDRC,Portugal
2023,0.001375515423293915,Excluding Ukraine and IDRC,Portugal
2024,0.002179013219966213,Excluding Ukraine and IDRC,Portugal
2025,0.0029825110166385106,Excluding Ukraine and IDRC,Portugal
2026,0.0037860088133108085,Excluding Ukraine and IDRC,Portugal
2027,0.004589506609983106,Excluding Ukraine and IDRC,Portugal
2028,0.005393004406655404,Excluding Ukraine and IDRC,Portugal
2029,0.0061965022033277015,Excluding Ukraine and IDRC,Portugal
2030,0.007,Excluding Ukraine and IDRC,Portugal
2031,0.007,Excluding Ukraine and IDRC,Portugal
2032,0.007,Excluding Ukraine and IDRC,Portugal
2033,0.007,Excluding Ukraine and IDRC,Portugal
2034,0.007,Excluding Ukraine and IDRC,Portugal
2018,0.009693760869072865,Excluding Ukraine and IDRC,Sweden
2019,0.008987860617261796,Excluding Ukraine and IDRC,Sweden
2020,0.010998382700526844,Excluding Ukraine and IDRC,Sweden
2021,0.0088351286801786,Excluding Ukraine and IDRC,Sweden
2022,0.007636595641135751,Excluding Ukraine and IDRC,Sweden
2023,0.008010719178446951,Excluding Ukraine and IDRC,Sweden
2024,0.008010719178446951,Excluding Ukraine and IDRC,Sweden
2025,0.008010719178446951,Excluding Ukraine and IDRC,Sweden
2026,0.008010719178446951,Excluding Ukraine and IDRC,Sweden
2027,0.008010719178446951,Excluding Ukraine and IDRC,Sweden
2028,0.008010719178446951,Excluding Ukraine and IDRC,Sweden
2029,0.008010719178446951,Excluding Ukraine and IDRC,Sweden
2030,0.008010719178446951,Excluding Ukraine and IDRC,Sweden
2031,0.008010719178446951,Excluding Ukraine and IDRC,Sweden
2032,0.008010719178446951,Excluding Ukraine and IDRC,Sweden
2033,0.008010719178446951,Excluding Ukraine and IDRC,Sweden
2034,0.008010719178446951,Excluding Ukraine and IDRC,Sweden
2018,0.0033433447506853566,Excluding Ukraine and IDRC,Finland
2019,0.00378317745763308,Excluding Ukraine and IDRC,Finland
2020,0.004361889133378754,Excluding Ukraine and IDRC,Finland
2021,0.004426416836216561,Excluding Ukraine and IDRC,Finland
2022,0.003700419722185577,Excluding Ukraine and IDRC,Finland
2023,0.0038475153597897476,Excluding Ukraine and IDRC,Finland
2024,0.004297870308391212,Excluding Ukraine and IDRC,Finland
2025,0.004748225256992677,Excluding Ukraine and IDRC,Finland
2026,0.005198580205594142,Excluding Ukraine and IDRC,Finland
2027,0.005648935154195607,Excluding Ukraine and IDRC,Finland
2028,0.0060992901027970715,Excluding Ukraine and IDRC,Finland
2029,0.006549645051398535,Excluding Ukraine and IDRC,Finland
2030,0.007,Excluding Ukraine and IDRC,Finland
2031,0.007,Excluding Ukraine and IDRC,Finland
2032,0.007,Excluding Ukraine and IDRC,Finland
2033,0.007,Excluding Ukraine and IDRC,Finland
2034,0.007,Excluding Ukraine and IDRC,Finland
2018,0.002936788589847548,Excluding Ukraine and IDRC,Ireland
2019,0.00286546452558744,Excluding Ukraine and IDRC,Ireland
2020,0.0028827746782822163,Excluding Ukraine and IDRC,Ireland
2021,0.0028437094068553097,Excluding Ukraine and IDRC,Ireland
2022,0.002663724135795453,Excluding Ukraine and IDRC,Ireland
2023,0.002731977937523287,Excluding Ukraine and IDRC,Ireland
2024,0.00334169537501996,Excluding Ukraine and IDRC,Ireland
2025,0.0039514128125166335,Excluding Ukraine and IDRC,Ireland
2026,0.004561130250013307,Excluding Ukraine and IDRC,Ireland
2027,0.0051708476875099805,Excluding Ukraine and IDRC,Ireland
2028,0.005780565125006654,Excluding Ukraine and IDRC,Ireland
2029,0.006390282562503327,Excluding Ukraine and IDRC,Ireland
2030,0.007,Excluding Ukraine and IDRC,Ireland
2031,0.007,Excluding Ukraine and IDRC,Ireland
2032,0.007,Excluding Ukraine and IDRC,Ireland
2033,0.007,Excluding Ukraine and IDRC,Ireland
2034,0.007,Excluding Ukraine and IDRC,Ireland
2018,0.009799294144885897,Excluding Ukraine and IDRC,Luxembourg
2019,0.010286804367846337,Excluding Ukraine and IDRC,Luxembourg
2020,0.010202645074519151,Excluding Ukraine and IDRC,Luxembourg
2021,0.009800865490067083,Excluding Ukraine and IDRC,Luxembourg
2022,0.00940743560795515,Excluding Ukraine and IDRC,Luxembourg
2023,0.009346984176978441,Excluding Ukraine and IDRC,Luxembourg
2024,0.009346984176978441,Excluding Ukraine and IDRC,Luxembourg
2025,0.009346984176978441,Excluding Ukraine and IDRC,Luxembourg
2026,0.009346984176978441,Excluding Ukraine and IDRC,Luxembourg
2027,0.009346984176978441,Excluding Ukraine and IDRC,Luxembourg
2028,0.009346984176978441,Excluding Ukraine and IDRC,Luxembourg
2029,0.009346984176978441,Excluding Ukraine and IDRC,Luxembourg
2030,0.009346984176978441,Excluding Ukraine and IDRC,Luxembourg
2031,0.009346984176978441,Excluding Ukraine and IDRC,Luxembourg
2032,0.009346984176978441,Excluding Ukraine and IDRC,Luxembourg
2033,0.009346984176978441,Excluding Ukraine and IDRC,Luxembourg
2034,0.009346984176978441,Excluding Ukraine and IDRC,Luxembourg
2018,0.0011780818376736309,Excluding Ukraine and IDRC,Cyprus
2019,0.0009354130778488331,Excluding Ukraine and IDRC,Cyprus
2020,0.0005557379654885563,Excluding Ukraine and IDRC,Cyprus
2021,0.0007273713894814014,Excluding Ukraine and IDRC,Cyprus
2022,0.0003954976002398996,Excluding Ukraine and IDRC,Cyprus
2023,0.0005318113564207573,Excluding Ukraine and IDRC,Cyprus
2024,0.0009272668769320777,Excluding Ukraine and IDRC,Cyprus
2025,0.0013227223974433982,Excluding Ukraine and IDRC,Cyprus
2026,0.0017181779179547183,Excluding Ukraine and IDRC,Cyprus
2027,0.002113633438466039,Excluding Ukraine and IDRC,Cyprus
2028,0.0025090889589773594,Excluding Ukraine and IDRC,Cyprus
2029,0.0029045444794886795,Excluding Ukraine and IDRC,Cyprus
2030,0.0033,Excluding Ukraine and IDRC,Cyprus
2031,0.0033,Excluding Ukraine and IDRC,Cyprus
2032,0.0033,Excluding Ukraine and IDRC,Cyprus
2033,0.0033,Excluding Ukraine and IDRC,Cyprus
2034,0.0033,Excluding Ukraine and IDRC,Cyprus
2018,0.001183423701326775,Excluding Ukraine and IDRC,Greece
2019,0.0010863024863023813,Excluding Ukraine and IDRC,Greece
2020,0.0012232013350162274,Excluding Ukraine and IDRC,Greece
2021,0.0013477560760759876,Excluding Ukraine and IDRC,Greece
2022,0.0009208654126518371,Excluding Ukraine and IDRC,Greece
2023,0.0009866819960535963,Excluding Ukraine and IDRC,Greece
2024,0.0018457274251887968,Excluding Ukraine and IDRC,Greece
2025,0.002704772854323997,Excluding Ukraine and IDRC,Greece
2026,0.003563818283459198,Excluding Ukraine and IDRC,Greece
2027,0.004422863712594398,Excluding Ukraine and IDRC,Greece
2028,0.005281909141729599,Excluding Ukraine and IDRC,Greece
2029,0.0061409545708647996,Excluding Ukraine and IDRC,Greece
2030,0.007,Excluding Ukraine and IDRC,Greece
2031,0.007,Excluding Ukraine and IDRC,Greece
2032,0.007,Excluding Ukraine and IDRC,Greece
2033,0.007,Excluding Ukraine and IDRC,Greece
2034,0.007,Excluding Ukraine and IDRC,Greece
2018,0.0012645884411203257,Excluding Ukraine and IDRC,Malta
2019,0.0013514834474750589,Excluding Ukraine and IDRC,Malta
2020,0.0010519469289390678,Excluding Ukraine and IDRC,Malta
2021,0.0007384742659358981,Excluding Ukraine and IDRC,Malta
2022,0.0005121818275938721,Excluding Ukraine and IDRC,Malta
2023,0.00021548005094053325,Excluding Ukraine and IDRC,Malta
2024,0.0006561257579490284,Excluding Ukraine and IDRC,Malta
2025,0.0010967714649575237,Excluding Ukraine and IDRC,Malta
2026,0.0015374171719660188,Excluding Ukraine and IDRC,Malta
2027,0.0019780628789745143,Excluding Ukraine and IDRC,Malta
2028,0.0024187085859830094,Excluding Ukraine and IDRC,Malta
2029,0.0028593542929915045,Excluding Ukraine and IDRC,Malta
2030,0.0033,Excluding Ukraine and IDRC,Malta
2031,0.0033,Excluding Ukraine and IDRC,Malta
2032,0.0033,Excluding Ukraine and IDRC,Malta
2033,0.0033,Excluding Ukraine and IDRC,Malta
2034,0.0033,Excluding Ukraine and IDRC,Malta
2018,0.0017999979629176376,Excluding Ukraine and IDRC,Spain
2019,0.001839810607748254,Excluding Ukraine and IDRC,Spain
2020,0.002094335322789781,Excluding Ukraine and IDRC,Spain
2021,0.0023512503633145334,Excluding Ukraine and IDRC,Spain
2022,0.0019344887414419097,Excluding Ukraine and IDRC,Spain
2023,0.0018375947367196047,Excluding Ukraine and IDRC,Spain
2024,0.0025750812029025185,Excluding Ukraine and IDRC,Spain
2025,0.003312567669085432,Excluding Ukraine and IDRC,Spain
2026,0.004050054135268346,Excluding Ukraine and IDRC,Spain
2027,0.004787540601451259,Excluding Ukraine and IDRC,Spain
2028,0.005525027067634173,Excluding Ukraine and IDRC,Spain
2029,0.006262513533817087,Excluding Ukraine and IDRC,Spain
2030,0.007,Excluding Ukraine and IDRC,Spain
2031,0.007,Excluding Ukraine and IDRC,Spain
2032,0.007,Excluding Ukraine and IDRC,Spain
2033,0.007,Excluding Ukraine and IDRC,Spain
2034,0.007,Excluding Ukraine and IDRC,Spain
2018,0.0014764095871509576,Excluding Ukraine and IDRC,Slovenia
2019,0.0015572836088266428,Excluding Ukraine and IDRC,Slovenia
2020,0.0016262190158108684,Excluding Ukraine and IDRC,Slovenia
2021,0.0018043439296714938,Excluding Ukraine and IDRC,Slovenia
2022,0.0019219235963124095,Excluding Ukraine and IDRC,Slovenia
2023,0.0016976872221802271,Excluding Ukraine and IDRC,Slovenia
2024,0.001926589047583052,Excluding Ukraine and IDRC,Slovenia
2025,0.0021554908729858767,Excluding Ukraine and IDRC,Slovenia
2026,0.002384392698388701,Excluding Ukraine and IDRC,Slovenia
2027,0.002613294523791526,Excluding Ukraine and IDRC,Slovenia
2028,0.0028421963491943505,Excluding Ukraine and IDRC,Slovenia
2029,0.0030710981745971752,Excluding Ukraine and IDRC,Slovenia
2030,0.0033,Excluding Ukraine and IDRC,Slovenia
2031,0.0033,Excluding Ukraine and IDRC,Slovenia
2032,0.0033,Excluding Ukraine and IDRC,Slovenia
2033,0.0033,Excluding Ukraine and IDRC,Slovenia
2034,0.0033,Excluding Ukraine and IDRC,Slovenia
2018,0.0013192847367637225,Excluding Ukraine and IDRC,Croatia
2019,0.001115988344489357,Excluding Ukraine and IDRC,Croatia
2020,0.0012067468895205352,Excluding Ukraine and IDRC,Croatia
2021,0.0011943552338435134,Excluding Ukraine and IDRC,Croatia
2022,0.001048336120671313,Excluding Ukraine and IDRC,Croatia
2023,0.0014826616985822993,Excluding Ukraine and IDRC,Croatia
2024,0.0017422814559276852,Excluding Ukraine and IDRC,Croatia
2025,0.002001901213273071,Excluding Ukraine and IDRC,Croatia
2026,0.0022615209706184566,Excluding Ukraine and IDRC,Croatia
2027,0.0025211407279638427,Excluding Ukraine and IDRC,Croatia
2028,0.0027807604853092283,Excluding Ukraine and IDRC,Croatia
2029,0.003040380242654614,Excluding Ukraine and IDRC,Croatia
2030,0.0033,Excluding Ukraine and IDRC,Croatia
2031,0.0033,Excluding Ukraine and IDRC,Croatia
2032,0.0033,Excluding Ukraine and IDRC,Croatia
2033,0.0033,Excluding Ukraine and IDRC,Croatia
2034,0.0033,Excluding Ukraine and IDRC,Croatia
2018,0.001179340217832396,Excluding Ukraine and IDRC,Czechia
2019,0.0012542237140957756,Excluding Ukraine and IDRC,Czechia
2020,0.0011702546507570376,Excluding Ukraine and IDRC,Czechia
2021,0.0012639720109481108,Excluding Ukraine and IDRC,Czechia
2022,0.000980017619089325,Excluding Ukraine and IDRC,Czechia
2023,0.0007234828935900511,Excluding Ukraine and IDRC,Czechia
2024,0.0010915567659343295,Excluding Ukraine and IDRC,Czechia
2025,0.0014596306382786079,Excluding Ukraine and IDRC,Czechia
2026,0.0018277045106228863,Excluding Ukraine and IDRC,Czechia
2027,0.0021957783829671647,Excluding Ukraine and IDRC,Czechia
2028,0.002563852255311443,Excluding Ukraine and IDRC,Czechia
2029,0.0029319261276557216,Excluding Ukraine and IDRC,Czechia
2030,0.0033,Excluding Ukraine and IDRC,Czechia
2031,0.0033,Excluding Ukraine and IDRC,Czechia
2032,0.0033,Excluding Ukraine and IDRC,Czechia
2033,0.0033,Excluding Ukraine and IDRC,Czechia
2034,0.0033,Excluding Ukraine and IDRC,Czechia
2018,0.001281638146282849,Excluding Ukraine and IDRC,Slovakia
2019,0.0010730220067706475,Excluding Ukraine and IDRC,Slovakia
2020,0.001290767646903079,Excluding Ukraine and IDRC,Slovakia
2021,0.0012992071968579038,Excluding Ukraine and IDRC,Slovakia
2022,0.0010919430946976167,Excluding Ukraine and IDRC,Slovakia
2023,0.0009509765725437584,Excluding Ukraine and IDRC,Slovakia
2024,0.00128655134789465,Excluding Ukraine and IDRC,Slovakia
2025,0.0016221261232455416,Excluding Ukraine and IDRC,Slovakia
2026,0.001957700898596433,Excluding Ukraine and IDRC,Slovakia
2027,0.002293275673947325,Excluding Ukraine and IDRC,Slovakia
2028,0.002628850449298217,Excluding Ukraine and IDRC,Slovakia
2029,0.002964425224649108,Excluding Ukraine and IDRC,Slovakia
2030,0.0033,Excluding Ukraine and IDRC,Slovakia
2031,0.0033,Excluding Ukraine and IDRC,Slovakia
2032,0.0033,Excluding Ukraine and IDRC,Slovakia
2033,0.0033,Excluding Ukraine and IDRC,Slovakia
2034,0.0033,Excluding Ukraine and IDRC,Slovakia
2018,0.0010120602366902069,Excluding Ukraine and IDRC,Bulgaria
2019,0.0008692164070249139,Excluding Ukraine and IDRC,Bulgaria
2020,0.0011490225563909773,Excluding Ukraine and IDRC,Bulgaria
2021,0.0010691390728476823,Excluding Ukraine and IDRC,Bulgaria
2022,0.0010130232558139536,Excluding Ukraine and IDRC,Bulgaria
2023,0.0012439235807445153,Excluding Ukraine and IDRC,Bulgaria
2024,0.0015376487834952988,Excluding Ukraine and IDRC,Bulgaria
2025,0.0018313739862460825,Excluding Ukraine and IDRC,Bulgaria
2026,0.002125099188996866,Excluding Ukraine and IDRC,Bulgaria
2027,0.0024188243917476495,Excluding Ukraine and IDRC,Bulgaria
2028,0.002712549594498433,Excluding Ukraine and IDRC,Bulgaria
2029,0.003006274797249217,Excluding Ukraine and IDRC,Bulgaria
2030,0.0033,Excluding Ukraine and IDRC,Bulgaria
2031,0.0033,Excluding Ukraine and IDRC,Bulgaria
2032,0.0033,Excluding Ukraine and IDRC,Bulgaria
2033,0.0033,Excluding Ukraine and IDRC,Bulgaria
2034,0.0033,Excluding Ukraine and IDRC,Bulgaria
2018,0.0020048108121237633,Excluding Ukraine and IDRC,Hungary
2019,0.002043765089295933,Excluding Ukraine and IDRC,Hungary
2020,0.002493452532211416,Excluding Ukraine and IDRC,Hungary
2021,0.002612595445207552,Excluding Ukraine and IDRC,Hungary
2022,0.002013029565534377,Excluding Ukraine and IDRC,Hungary
2023,0.0010694681773279389,Excluding Ukraine and IDRC,Hungary
2024,0.0013881155805668048,Excluding Ukraine and IDRC,Hungary
2025,0.0017067629838056707,Excluding Ukraine and IDRC,Hungary
2026,0.0020254103870445362,Excluding Ukraine and IDRC,Hungary
2027,0.002344057790283402,Excluding Ukraine and IDRC,Hungary
2028,0.002662705193522268,Excluding Ukraine and IDRC,Hungary
2029,0.002981352596761134,Excluding Ukraine and IDRC,Hungary
2030,0.0033,Excluding Ukraine and IDRC,Hungary
2031,0.0033,Excluding Ukraine and IDRC,Hungary
2032,0.0033,Excluding Ukraine and IDRC,Hungary
2033,0.0033,Excluding Ukraine and IDRC,Hungary
2034,0.0033,Excluding Ukraine and IDRC,Hungary
2018,0.0012135033696010998,Excluding Ukraine and IDRC,Poland
2019,0.0012105247069951364,Excluding Ukraine and IDRC,Poland
2020,0.001246606352710962,Excluding Ukraine and IDRC,Poland
2021,0.0012954127873762871,Excluding Ukraine and IDRC,Poland
2022,0.001083284029963387,Excluding Ukraine and IDRC,Poland
2023,0.0015992413478685727,Excluding Ukraine and IDRC,Poland
2024,0.0018422068696016336,Excluding Ukraine and IDRC,Poland
2025,0.002085172391334695,Excluding Ukraine and IDRC,Poland
2026,0.002328137913067756,Excluding Ukraine and IDRC,Poland
2027,0.002571103434800817,Excluding Ukraine and IDRC,Poland
2028,0.0028140689565338776,Excluding Ukraine and IDRC,Poland
2029,0.003057034478266939,Excluding Ukraine and IDRC,Poland
2030,0.0033,Excluding Ukraine and IDRC,Poland
2031,0.0033,Excluding Ukraine and IDRC,Poland
2032,0.0033,Excluding Ukraine and IDRC,Poland
2033,0.0033,Excluding Ukraine and IDRC,Poland
2034,0.0033,Excluding Ukraine and IDRC,Poland
2018,0.0010418662333219295,Excluding Ukraine and IDRC,Romania
2019,0.0010048751206612645,Excluding Ukraine and IDRC,Romania
2020,0.0011898653345821285,Excluding Ukraine and IDRC,Romania
2021,0.0014390526867642263,Excluding Ukraine and IDRC,Romania
2022,0.0009854554689685989,Excluding Ukraine and IDRC,Romania
2023,0.0009499571070457445,Excluding Ukraine and IDRC,Romania
2024,0.0012856775203249238,Excluding Ukraine and IDRC,Romania
2025,0.0016213979336041032,Excluding Ukraine and IDRC,Romania
2026,0.0019571183468832824,Excluding Ukraine and IDRC,Romania
2027,0.002292838760162462,Excluding Ukraine and IDRC,Romania
2028,0.002628559173441641,Excluding Ukraine and IDRC,Romania
2029,0.0029642795867208206,Excluding Ukraine and IDRC,Romania
2030,0.0033,Excluding Ukraine and IDRC,Romania
2031,0.0033,Excluding Ukraine and IDRC,Romania
2032,0.0033,Excluding Ukraine and IDRC,Romania
2033,0.0033,Excluding Ukraine and IDRC,Romania
2034,0.0033,Excluding Ukraine and IDRC,Romania
2018,0.0014138745435918116,Excluding Ukraine and IDRC,Estonia
2019,0.0014425318335597214,Excluding Ukraine and IDRC,Estonia
2020,0.0014609366260231289,Excluding Ukraine and IDRC,Estonia
2021,0.0014971673954103652,Excluding Ukraine and IDRC,Estonia
2022,0.0011812565029444262,Excluding Ukraine and IDRC,Estonia
2023,0.0013889242083287465,Excluding Ukraine and IDRC,Estonia
2024,0.0016619350357103542,Excluding Ukraine and IDRC,Estonia
2025,0.0019349458630919618,Excluding Ukraine and IDRC,Estonia
2026,0.0022079566904735694,Excluding Ukraine and IDRC,Estonia
2027,0.002480967517855177,Excluding Ukraine and IDRC,Estonia
2028,0.0027539783452367847,Excluding Ukraine and IDRC,Estonia
2029,0.0030269891726183926,Excluding Ukraine and IDRC,Estonia
2030,0.0033,Excluding Ukraine and IDRC,Estonia
2031,0.0033,Excluding Ukraine and IDRC,Estonia
2032,0.0033,Excluding Ukraine and IDRC,Estonia
2033,0.0033,Excluding Ukraine and IDRC,Estonia
2034,0.0033,Excluding Ukraine and IDRC,Estonia
2018,0.0009567419550127217,Excluding Ukraine and IDRC,Latvia
2019,0.0009574603831804639,Excluding Ukraine and IDRC,Latvia
2020,0.0011136660274851087,Excluding Ukraine and IDRC,Latvia
2021,0.001101720958819914,Excluding Ukraine and IDRC,Latvia
2022,0.0013164933135215455,Excluding Ukraine and IDRC,Latvia
2023,0.0017414761541103324,Excluding Ukraine and IDRC,Latvia
2024,0.0019641224178088565,Excluding Ukraine and IDRC,Latvia
2025,0.0021867686815073804,Excluding Ukraine and IDRC,Latvia
2026,0.0024094149452059043,Excluding Ukraine and IDRC,Latvia
2027,0.0026320612089044283,Excluding Ukraine and IDRC,Latvia
2028,0.002854707472602952,Excluding Ukraine and IDRC,Latvia
2029,0.003077353736301476,Excluding Ukraine and IDRC,Latvia
2030,0.0033,Excluding Ukraine and IDRC,Latvia
2031,0.0033,Excluding Ukraine and IDRC,Latvia
2032,0.0033,Excluding Ukraine and IDRC,Latvia
2033,0.0033,Excluding Ukraine and IDRC,Latvia
2034,0.0033,Excluding Ukraine and IDRC,Latvia
2018,0.0011302945499340302,Excluding Ukraine and IDRC,Lithuania
2019,0.0011882710788380171,Excluding Ukraine and IDRC,Lithuania
2020,0.0011911469763525766,Excluding Ukraine and IDRC,Lithuania
2021,0.0012439679134631017,Excluding Ukraine and IDRC,Lithuania
2022,0.0013104014309742616,Excluding Ukraine and IDRC,Lithuania
2023,0.0013934079717231114,Excluding Ukraine and IDRC,Lithuania
2024,0.0016657782614769526,Excluding Ukraine and IDRC,Lithuania
2025,0.0019381485512307939,Excluding Ukraine and IDRC,Lithuania
2026,0.002210518840984635,Excluding Ukraine and IDRC,Lithuania
2027,0.0024828891307384763,Excluding Ukraine and IDRC,Lithuania
2028,0.0027552594204923175,Excluding Ukraine and IDRC,Lithuania
2029,0.0030276297102461588,Excluding Ukraine and IDRC,Lithuania
2030,0.0033,Excluding Ukraine and IDRC,Lithuania
2031,0.0033,Excluding Ukraine and IDRC,Lithuania
2032,0.0033,Excluding Ukraine and IDRC,Lithuania
2033,0.0033,Excluding Ukraine and IDRC,Lithuania
2034,0.0033,Excluding Ukraine and IDRC,Lithuania
